<?xml version="1.0" encoding="utf-8" ?><S:Envelope xmlns:S="http://www.w3.org/2003/05/soap-envelope" xmlns:wsse="http://docs.oasis-open.org/wss/2004/01/oasis-200401-wss-wssecurity-secext-1.0.xsd" xmlns:wsu="http://docs.oasis-open.org/wss/2004/01/oasis-200401-wss-wssecurity-utility-1.0.xsd" xmlns:wsa="http://www.w3.org/2005/08/addressing"><S:Header></S:Header><S:Body xmlns:ps="http://schemas.microsoft.com/Passport/SoapServices/PPCRL"><ps:GetKeyDataResponse Success="true"><ServerInfo ServerTime="2024-08-27T09:47:43Z">PH1PEPF00011FBB 2024.08.08.19.26.41</ServerInfo><ps:KeyPurposes><ps:KeyPurpose name="AnaheimCredentialKey"><ps:KeyData><ps:Property name="TimeStamp">2022-04-17T12:21:23Z</ps:Property><ps:Property name="KeyMaterial">jio3GSLG8nhrezuWpiUW8HgRE3AG4YtptdFZETlxBiI=</ps:Property></ps:KeyData><ps:KeyData><ps:Property name="TimeStamp">2022-10-14T15:48:26Z</ps:Property><ps:Property name="KeyMaterial">wX9l1h3sc6F5Z+geUNUr30p0rxu9k7A+0d7/Ra+7kwc=</ps:Property></ps:KeyData><ps:KeyData><ps:Property name="TimeStamp">2023-04-14T20:16:10Z</ps:Property><ps:Property name="KeyMaterial">yAhy7r2LOwXgyVXqBtGHTKL/MtP8oZ9hRObRwyBQu7g=</ps:Property></ps:KeyData><ps:KeyData><ps:Property name="TimeStamp">2023-10-20T08:48:57Z</ps:Property><ps:Property name="KeyMaterial">ESsO2cS10lRmP62hLMU0pq3m1Ltbw8WehKXiIqoXHQs=</ps:Property></ps:KeyData><ps:KeyData><ps:Property name="TimeStamp">2024-04-17T08:54:07Z</ps:Property><ps:Property name="KeyMaterial">eD2t6kkJtpmV7AO0YDqBATx4BTotUFVA1Ov01q/sJ8k=</ps:Property></ps:KeyData></ps:KeyPurpose></ps:KeyPurposes></ps:GetKeyDataResponse></S:Body></S:Envelope>