{"id":15076,"projectName":"untitled_test_12:50","settingsId":null,"comment":"","lastModified":"2024-08-27T09:54:55","contentFormat":"yaml","contentModelVersion":null,"labelSet":[],"testType":"STABLE","requestCount":2,"totalDuration":3600,"version":[{"id":15152,"projectId":15076,"settingsId":null,"createdOn":"2024-08-27T09:54:55.888Z","location":"boomq/teams/14/projects/15076/v_15152.yaml","comment":"","contentFormat":"yaml","contentModelVersion":"2.0.0","testType":"STABLE","requestCount":2,"totalDuration":3600,"versionNumber":1}]}