{"id":15081,"projectName":"untitled_test_13:16","settingsId":null,"comment":"","lastModified":"2024-08-27T10:19:01","contentFormat":"yaml","contentModelVersion":null,"labelSet":[],"testType":"STABLE","requestCount":2,"totalDuration":720,"version":[{"id":15163,"projectId":15081,"settingsId":null,"createdOn":"2024-08-27T10:19:01.088Z","location":"boomq/teams/14/projects/15081/v_15163.yaml","comment":"","contentFormat":"yaml","contentModelVersion":"2.0.0","testType":"STABLE","requestCount":2,"totalDuration":720,"versionNumber":1}]}