{"content":[{"id":15095,"projectName":"jmx_new_test","settingsId":null,"comment":"","lastModified":"2024-08-28T10:27:17","contentFormat":"yaml","contentModelVersion":null,"labelSet":[],"testType":"OWN_JMX","requestCount":0,"totalDuration":52,"version":[{"id":15270,"projectId":15095,"settingsId":null,"createdOn":"2024-08-27T12:41:24.345Z","location":"boomq/teams/14/projects/15095/v_15270.yaml","comment":"","contentFormat":"yaml","contentModelVersion":"2.0.0","testType":"STABLE","requestCount":2,"totalDuration":3600,"versionNumber":1},{"id":15271,"projectId":15095,"settingsId":null,"createdOn":"2024-08-27T12:42:04.211Z","location":"boomq/teams/14/projects/15095/v_15271.yaml","comment":null,"contentFormat":"yaml","contentModelVersion":"1.0.0","testType":"OWN_JMX","requestCount":0,"totalDuration":0,"versionNumber":2},{"id":15272,"projectId":15095,"settingsId":null,"createdOn":"2024-08-27T12:42:36.039Z","location":"boomq/teams/14/projects/15095/v_15272.yaml","comment":"","contentFormat":"yaml","contentModelVersion":"1.0.0","testType":"OWN_JMX","requestCount":0,"totalDuration":52,"versionNumber":3},{"id":25282,"projectId":15095,"settingsId":null,"createdOn":"2024-08-27T13:49:22.718Z","location":"boomq/teams/14/projects/15095/v_25282.yaml","comment":null,"contentFormat":"yaml","contentModelVersion":"1.0.0","testType":"OWN_JMX","requestCount":0,"totalDuration":0,"versionNumber":4},{"id":25284,"projectId":15095,"settingsId":null,"createdOn":"2024-08-27T13:50:59.909Z","location":"boomq/teams/14/projects/15095/v_25284.yaml","comment":null,"contentFormat":"yaml","contentModelVersion":"1.0.0","testType":"OWN_JMX","requestCount":0,"totalDuration":0,"versionNumber":5},{"id":25285,"projectId":15095,"settingsId":null,"createdOn":"2024-08-27T13:51:00.252Z","location":"boomq/teams/14/projects/15095/v_25285.yaml","comment":"","contentFormat":"yaml","contentModelVersion":"1.0.0","testType":"OWN_JMX","requestCount":0,"totalDuration":52,"versionNumber":6},{"id":25286,"projectId":15095,"settingsId":null,"createdOn":"2024-08-27T14:13:01.282Z","location":"boomq/teams/14/projects/15095/v_25286.yaml","comment":null,"contentFormat":"yaml","contentModelVersion":"1.0.0","testType":"OWN_JMX","requestCount":0,"totalDuration":0,"versionNumber":7},{"id":25287,"projectId":15095,"settingsId":null,"createdOn":"2024-08-27T14:13:30.208Z","location":"boomq/teams/14/projects/15095/v_25287.yaml","comment":"","contentFormat":"yaml","contentModelVersion":"1.0.0","testType":"OWN_JMX","requestCount":0,"totalDuration":51,"versionNumber":8},{"id":25288,"projectId":15095,"settingsId":null,"createdOn":"2024-08-27T14:36:22.776Z","location":"boomq/teams/14/projects/15095/v_25288.yaml","comment":null,"contentFormat":"yaml","contentModelVersion":"1.0.0","testType":"OWN_JMX","requestCount":0,"totalDuration":0,"versionNumber":9},{"id":25289,"projectId":15095,"settingsId":null,"createdOn":"2024-08-27T14:36:45.057Z","location":"boomq/teams/14/projects/15095/v_25289.yaml","comment":"","contentFormat":"yaml","contentModelVersion":"1.0.0","testType":"OWN_JMX","requestCount":0,"totalDuration":51,"versionNumber":10},{"id":25290,"projectId":15095,"settingsId":null,"createdOn":"2024-08-27T14:39:12.595Z","location":"boomq/teams/14/projects/15095/v_25290.yaml","comment":null,"contentFormat":"yaml","contentModelVersion":"1.0.0","testType":"OWN_JMX","requestCount":0,"totalDuration":0,"versionNumber":11},{"id":25291,"projectId":15095,"settingsId":null,"createdOn":"2024-08-27T14:39:33.404Z","location":"boomq/teams/14/projects/15095/v_25291.yaml","comment":"","contentFormat":"yaml","contentModelVersion":"1.0.0","testType":"OWN_JMX","requestCount":0,"totalDuration":51,"versionNumber":12},{"id":25292,"projectId":15095,"settingsId":null,"createdOn":"2024-08-27T14:44:55.707Z","location":"boomq/teams/14/projects/15095/v_25292.yaml","comment":null,"contentFormat":"yaml","contentModelVersion":"1.0.0","testType":"OWN_JMX","requestCount":0,"totalDuration":0,"versionNumber":13},{"id":25293,"projectId":15095,"settingsId":null,"createdOn":"2024-08-27T14:45:18.983Z","location":"boomq/teams/14/projects/15095/v_25293.yaml","comment":"","contentFormat":"yaml","contentModelVersion":"1.0.0","testType":"OWN_JMX","requestCount":0,"totalDuration":51,"versionNumber":14},{"id":25294,"projectId":15095,"settingsId":null,"createdOn":"2024-08-27T14:47:38.672Z","location":"boomq/teams/14/projects/15095/v_25294.yaml","comment":null,"contentFormat":"yaml","contentModelVersion":"1.0.0","testType":"OWN_JMX","requestCount":0,"totalDuration":0,"versionNumber":15},{"id":25295,"projectId":15095,"settingsId":null,"createdOn":"2024-08-27T14:48:02.359Z","location":"boomq/teams/14/projects/15095/v_25295.yaml","comment":"","contentFormat":"yaml","contentModelVersion":"1.0.0","testType":"OWN_JMX","requestCount":0,"totalDuration":51,"versionNumber":16},{"id":25296,"projectId":15095,"settingsId":null,"createdOn":"2024-08-27T15:25:34.395Z","location":"boomq/teams/14/projects/15095/v_25296.yaml","comment":null,"contentFormat":"yaml","contentModelVersion":"1.0.0","testType":"OWN_JMX","requestCount":0,"totalDuration":0,"versionNumber":17},{"id":25297,"projectId":15095,"settingsId":null,"createdOn":"2024-08-27T15:26:04.928Z","location":"boomq/teams/14/projects/15095/v_25297.yaml","comment":"","contentFormat":"yaml","contentModelVersion":"1.0.0","testType":"OWN_JMX","requestCount":0,"totalDuration":51,"versionNumber":18},{"id":25299,"projectId":15095,"settingsId":null,"createdOn":"2024-08-27T16:00:59.129Z","location":"boomq/teams/14/projects/15095/v_25299.yaml","comment":null,"contentFormat":"yaml","contentModelVersion":"1.0.0","testType":"OWN_JMX","requestCount":0,"totalDuration":0,"versionNumber":19},{"id":25318,"projectId":15095,"settingsId":null,"createdOn":"2024-08-28T10:20:04.294Z","location":"boomq/teams/14/projects/15095/v_25318.yaml","comment":null,"contentFormat":"yaml","contentModelVersion":"1.0.0","testType":"OWN_JMX","requestCount":0,"totalDuration":0,"versionNumber":20},{"id":25319,"projectId":15095,"settingsId":null,"createdOn":"2024-08-28T10:20:04.659Z","location":"boomq/teams/14/projects/15095/v_25319.yaml","comment":"","contentFormat":"yaml","contentModelVersion":"1.0.0","testType":"OWN_JMX","requestCount":0,"totalDuration":52,"versionNumber":21},{"id":25321,"projectId":15095,"settingsId":null,"createdOn":"2024-08-28T10:27:17.221Z","location":"boomq/teams/14/projects/15095/v_25321.yaml","comment":null,"contentFormat":"yaml","contentModelVersion":"1.0.0","testType":"OWN_JMX","requestCount":0,"totalDuration":0,"versionNumber":22},{"id":25322,"projectId":15095,"settingsId":null,"createdOn":"2024-08-28T10:27:17.595Z","location":"boomq/teams/14/projects/15095/v_25322.yaml","comment":"","contentFormat":"yaml","contentModelVersion":"1.0.0","testType":"OWN_JMX","requestCount":0,"totalDuration":52,"versionNumber":23}]},{"id":25116,"projectName":"user_____test_thr_group","settingsId":null,"comment":"","lastModified":"2024-08-28T10:27:17","contentFormat":"yaml","contentModelVersion":null,"labelSet":[],"testType":"STABLE","requestCount":2,"totalDuration":3600,"version":[{"id":25320,"projectId":25116,"settingsId":null,"createdOn":"2024-08-28T10:27:17.068Z","location":"boomq/teams/14/projects/25116/v_25320.yaml","comment":"","contentFormat":"yaml","contentModelVersion":"2.0.0","testType":"STABLE","requestCount":2,"totalDuration":3600,"versionNumber":1}]},{"id":25115,"projectName":"user_____jmx_file","settingsId":null,"comment":"","lastModified":"2024-08-28T10:20:04","contentFormat":"yaml","contentModelVersion":null,"labelSet":[],"testType":"STABLE","requestCount":2,"totalDuration":3600,"version":[{"id":25317,"projectId":25115,"settingsId":null,"createdOn":"2024-08-28T10:20:04.146Z","location":"boomq/teams/14/projects/25115/v_25317.yaml","comment":"","contentFormat":"yaml","contentModelVersion":"2.0.0","testType":"STABLE","requestCount":2,"totalDuration":3600,"versionNumber":1}]},{"id":25103,"projectName":"untitled_test_15:38","settingsId":null,"comment":"","lastModified":"2024-08-27T13:50:59","contentFormat":"yaml","contentModelVersion":null,"labelSet":[],"testType":"STABLE","requestCount":2,"totalDuration":3600,"version":[{"id":25283,"projectId":25103,"settingsId":null,"createdOn":"2024-08-27T13:50:59.770Z","location":"boomq/teams/14/projects/25103/v_25283.yaml","comment":"","contentFormat":"yaml","contentModelVersion":"2.0.0","testType":"STABLE","requestCount":2,"totalDuration":3600,"versionNumber":1}]},{"id":25102,"projectName":"untitled_test_15:38","settingsId":null,"comment":"","lastModified":"2024-08-27T13:49:22","contentFormat":"yaml","contentModelVersion":null,"labelSet":[],"testType":"STABLE","requestCount":2,"totalDuration":3600,"version":[{"id":25281,"projectId":25102,"settingsId":null,"createdOn":"2024-08-27T13:49:22.587Z","location":"boomq/teams/14/projects/25102/v_25281.yaml","comment":"","contentFormat":"yaml","contentModelVersion":"2.0.0","testType":"STABLE","requestCount":2,"totalDuration":3600,"versionNumber":1}]},{"id":25101,"projectName":"untitled_test_15:38","settingsId":null,"comment":"","lastModified":"2024-08-27T13:44:05","contentFormat":"yaml","contentModelVersion":null,"labelSet":[],"testType":"STABLE","requestCount":2,"totalDuration":3600,"version":[{"id":25280,"projectId":25101,"settingsId":null,"createdOn":"2024-08-27T13:44:05.723Z","location":"boomq/teams/14/projects/25101/v_25280.yaml","comment":"","contentFormat":"yaml","contentModelVersion":"2.0.0","testType":"STABLE","requestCount":2,"totalDuration":3600,"versionNumber":1}]},{"id":25100,"projectName":"untitled_test_15:38","settingsId":null,"comment":"","lastModified":"2024-08-27T13:40:29","contentFormat":"yaml","contentModelVersion":null,"labelSet":[],"testType":"STABLE","requestCount":2,"totalDuration":3600,"version":[{"id":25279,"projectId":25100,"settingsId":null,"createdOn":"2024-08-27T13:40:29.388Z","location":"boomq/teams/14/projects/25100/v_25279.yaml","comment":"","contentFormat":"yaml","contentModelVersion":"2.0.0","testType":"STABLE","requestCount":2,"totalDuration":3600,"versionNumber":1}]},{"id":25099,"projectName":"untitled_test_15:38","settingsId":null,"comment":"","lastModified":"2024-08-27T13:22:21","contentFormat":"yaml","contentModelVersion":null,"labelSet":[],"testType":"STABLE","requestCount":2,"totalDuration":3600,"version":[{"id":25278,"projectId":25099,"settingsId":null,"createdOn":"2024-08-27T13:22:21.325Z","location":"boomq/teams/14/projects/25099/v_25278.yaml","comment":"","contentFormat":"yaml","contentModelVersion":"2.0.0","testType":"STABLE","requestCount":2,"totalDuration":3600,"versionNumber":1}]},{"id":25098,"projectName":"untitled_test_15:38","settingsId":null,"comment":"","lastModified":"2024-08-27T13:20:52","contentFormat":"yaml","contentModelVersion":null,"labelSet":[],"testType":"STABLE","requestCount":2,"totalDuration":3600,"version":[{"id":25277,"projectId":25098,"settingsId":null,"createdOn":"2024-08-27T13:20:52.609Z","location":"boomq/teams/14/projects/25098/v_25277.yaml","comment":"","contentFormat":"yaml","contentModelVersion":"2.0.0","testType":"STABLE","requestCount":2,"totalDuration":3600,"versionNumber":1}]}],"pageable":{"sort":{"sorted":true,"unsorted":false,"empty":false},"offset":0,"pageNumber":0,"pageSize":9,"paged":true,"unpaged":false},"totalElements":37,"totalPages":5,"last":false,"first":true,"size":9,"number":0,"sort":{"sorted":true,"unsorted":false,"empty":false},"numberOfElements":9,"empty":false}