{"id":25116,"projectName":"user_____test_thr_group","settingsId":null,"comment":"","lastModified":"2024-08-28T10:27:17","contentFormat":"yaml","contentModelVersion":null,"labelSet":[],"testType":"STABLE","requestCount":2,"totalDuration":3600,"version":[{"id":25320,"projectId":25116,"settingsId":null,"createdOn":"2024-08-28T10:27:17.068Z","location":"boomq/teams/14/projects/25116/v_25320.yaml","comment":"","contentFormat":"yaml","contentModelVersion":"2.0.0","testType":"STABLE","requestCount":2,"totalDuration":3600,"versionNumber":1}]}