{"ForEachControllerProperties":{"properties":{"variablePrefix":{"defaultValue":null,"enumValues":[],"required":true},"endIndexInclusive":{"defaultValue":null,"enumValues":[],"required":false},"type":{"defaultValue":null,"enumValues":["TRANSACTION","IF","LOOP","WHILE","FOR_EACH"],"required":true},"startIndexExclusive":{"defaultValue":null,"enumValues":[],"required":false},"outputVariableName":{"defaultValue":null,"enumValues":[],"required":true},"useSeparator":{"defaultValue":true,"enumValues":[],"required":true}}},"ResponseBodyJsonAssertion":{"properties":{"condition":{"defaultValue":null,"enumValues":["EXISTS","NOT_EXISTS","NULL","NOT_NULL","EQUALS","NOT_EQUALS","REGEXP_MATCHES","NOT_REGEXP_MATCHES"],"required":true},"jsonPath":{"defaultValue":null,"enumValues":[],"required":true},"label":{"defaultValue":null,"enumValues":[],"required":true},"id":{"defaultValue":null,"enumValues":[],"required":true},"typeDisplayName":{"defaultValue":null,"enumValues":[],"required":false},"type":{"defaultValue":null,"enumValues":["DURATION","FULL_RESPONSE_SIZE","REQUEST_DATA","REQUEST_HEADERS","RESPONSE_BODY","RESPONSE_BODY_SIZE","RESPONSE_BODY_JSON","RESPONSE_BODY_XPATH2","RESPONSE_CODE","RESPONSE_CODE_SIZE","RESPONSE_HEADERS","RESPONSE_HEADERS_SIZE","RESPONSE_MESSAGE","RESPONSE_MESSAGE_SIZE","RESPONSE_TIKA_EXTRACT","URL_SAMPLED"],"required":true},"value":{"defaultValue":null,"enumValues":[],"required":false},"enabled":{"defaultValue":true,"enumValues":[],"required":true}}},"UltimateThreadGroupStep":{"properties":{"holdLoadTimeMs":{"defaultValue":60000,"enumValues":[],"required":true},"name":{"defaultValue":null,"enumValues":[],"required":true},"type":{"defaultValue":null,"enumValues":["PLAIN","PARAMETERIZED"],"required":true},"shutdownTimeMs":{"defaultValue":10000,"enumValues":[],"required":true},"startupTimeMs":{"defaultValue":30000,"enumValues":[],"required":true},"initDelayMs":{"defaultValue":0,"enumValues":[],"required":true},"startThreadsCount":{"defaultValue":10,"enumValues":[],"required":true}}},"TestPlanLoadProfile":{"properties":{"usersPerStep":{"defaultValue":10,"enumValues":[],"required":true},"rampDownMs":{"defaultValue":60000,"enumValues":[],"required":true},"durationAddedOnLastStepMs":{"defaultValue":0,"enumValues":[],"required":true},"boomqProfileType":{"defaultValue":"STABLE","enumValues":["STABLE","SCALABILITY"],"required":true},"rampUpMs":{"defaultValue":60000,"enumValues":[],"required":true},"stepLengthMs":{"defaultValue":600000,"enumValues":[],"required":true},"stepCount":{"defaultValue":1,"enumValues":[],"required":true}}},"HttpCookieManager":{"properties":{"clearControlledByThreadGroup":{"defaultValue":false,"enumValues":[],"required":true},"cookiePolicy":{"defaultValue":"STANDARD","enumValues":["STANDARD","STANDARD_STRICT","IGNORE_COOKIES","NETSCAPE","DEFAULT","RFC2109","RFC2965","BEST_MATCH","COMPATIBILITY"],"required":true},"clearEachIteration":{"defaultValue":false,"enumValues":[],"required":true},"userDefinedCookies":{"defaultValue":null,"enumValues":[],"required":true},"label":{"defaultValue":null,"enumValues":[],"required":true},"id":{"defaultValue":null,"enumValues":[],"required":true},"type":{"defaultValue":null,"enumValues":["HTTP_AUTH_MANAGER","HTTP_COOKIE_MANAGER","HTTP_HEADER_MANAGER","HTTP_REQUEST_DEFAULTS","USER_DEFINED_VARIABLES","RANDOM_CSV_DATASET_CONFIG","CSV_DATASET_CONFIG"],"required":true},"enabled":{"defaultValue":true,"enumValues":[],"required":true}}},"SimpleThreadGroup":{"properties":{"boomqConfiguration":{"defaultValue":null,"enumValues":[],"required":true},"threadGroupElements":{"defaultValue":null,"enumValues":[],"required":true},"label":{"defaultValue":null,"enumValues":[],"required":true},"id":{"defaultValue":null,"enumValues":[],"required":true},"typeDisplayName":{"defaultValue":null,"enumValues":[],"required":false},"type":{"defaultValue":null,"enumValues":["ARRIVALS","BOOMQ_STABLE_SCALABILITY","CONCURRENCY","FREE_FORM_ARRIVALS","SETUP","SIMPLE","STEPPING","TEAR_DOWN","ULTIMATE"],"required":true},"loadProfile":{"defaultValue":null,"enumValues":[],"required":false},"enabled":{"defaultValue":true,"enumValues":[],"required":true},"onSampleError":{"defaultValue":"ON_SAMPLE_ERROR_CONTINUE","enumValues":["ON_SAMPLE_ERROR_CONTINUE","ON_SAMPLE_ERROR_START_NEXT_LOOP","ON_SAMPLE_ERROR_STOP_THREAD","ON_SAMPLE_ERROR_STOP_TEST","ON_SAMPLE_ERROR_STOP_TEST_NOW"],"required":true},"sameUserOnEachIteration":{"defaultValue":false,"enumValues":[],"required":true}}},"SimpleLoadProfile":{"properties":{"loopCount":{"defaultValue":1,"enumValues":[],"required":false},"loopForever":{"defaultValue":false,"enumValues":[],"required":true},"startupDelayMs":{"defaultValue":null,"enumValues":[],"required":false},"rampUpMs":{"defaultValue":1,"enumValues":[],"required":true},"numberOfThreads":{"defaultValue":1,"enumValues":[],"required":true},"type":{"defaultValue":null,"enumValues":["PLAIN","PARAMETERIZED"],"required":true},"specifyThreadLifetime":{"defaultValue":false,"enumValues":[],"required":true},"durationMs":{"defaultValue":null,"enumValues":[],"required":false}}},"TearDownThreadGroup":{"properties":{"boomqConfiguration":{"defaultValue":null,"enumValues":[],"required":true},"threadGroupElements":{"defaultValue":null,"enumValues":[],"required":true},"label":{"defaultValue":null,"enumValues":[],"required":true},"id":{"defaultValue":null,"enumValues":[],"required":true},"typeDisplayName":{"defaultValue":null,"enumValues":[],"required":false},"type":{"defaultValue":null,"enumValues":["ARRIVALS","BOOMQ_STABLE_SCALABILITY","CONCURRENCY","FREE_FORM_ARRIVALS","SETUP","SIMPLE","STEPPING","TEAR_DOWN","ULTIMATE"],"required":true},"loadProfile":{"defaultValue":null,"enumValues":[],"required":false},"enabled":{"defaultValue":true,"enumValues":[],"required":true},"onSampleError":{"defaultValue":"ON_SAMPLE_ERROR_CONTINUE","enumValues":["ON_SAMPLE_ERROR_CONTINUE","ON_SAMPLE_ERROR_START_NEXT_LOOP","ON_SAMPLE_ERROR_STOP_THREAD","ON_SAMPLE_ERROR_STOP_TEST","ON_SAMPLE_ERROR_STOP_TEST_NOW"],"required":false},"sameUserOnEachIteration":{"defaultValue":false,"enumValues":[],"required":true}}},"HttpRequestProperties":{"properties":{"urlMustMatch":{"defaultValue":null,"enumValues":[],"required":false},"useKeepAlive":{"defaultValue":true,"enumValues":[],"required":true},"serverName":{"defaultValue":null,"enumValues":[],"required":false},"type":{"defaultValue":null,"enumValues":["HTTP","GRPC"],"required":true},"body":{"defaultValue":null,"enumValues":[],"required":false},"proxyProperties":{"defaultValue":null,"enumValues":[],"required":false},"parallelDownloadsPoolSize":{"defaultValue":null,"enumValues":[],"required":false},"filesUpload":{"defaultValue":null,"enumValues":[],"required":false},"path":{"defaultValue":null,"enumValues":[],"required":false},"protocol":{"defaultValue":null,"enumValues":[],"required":false},"queryParameters":{"defaultValue":null,"enumValues":[],"required":false},"retrieveAllEmbeddedResources":{"defaultValue":true,"enumValues":[],"required":true},"followRedirects":{"defaultValue":true,"enumValues":[],"required":true},"connectTimeout":{"defaultValue":null,"enumValues":[],"required":false},"contentEncoding":{"defaultValue":null,"enumValues":[],"required":false},"useParallelDownloads":{"defaultValue":null,"enumValues":[],"required":false},"clientImplementation":{"defaultValue":null,"enumValues":["JAVA","HTTP_CLIENT_4"],"required":false},"saveResponseAsMd5Hash":{"defaultValue":null,"enumValues":[],"required":false},"responseTimeout":{"defaultValue":null,"enumValues":[],"required":false},"responsePreview":{"defaultValue":null,"enumValues":[],"required":false},"automaticallyRedirect":{"defaultValue":false,"enumValues":[],"required":true},"headers":{"defaultValue":null,"enumValues":[],"required":false},"sourceAddress":{"defaultValue":null,"enumValues":[],"required":false},"method":{"defaultValue":"GET","enumValues":["GET","HEAD","POST","PUT","PATCH","DELETE","OPTIONS","TRACE"],"required":true},"bodyParameters":{"defaultValue":null,"enumValues":[],"required":false},"port":{"defaultValue":null,"enumValues":[],"required":false},"urlMustNotMatch":{"defaultValue":null,"enumValues":[],"required":false},"browserCompatibleHeaders":{"defaultValue":false,"enumValues":[],"required":true},"doMultipartPost":{"defaultValue":false,"enumValues":[],"required":true}}},"PoissonRandomTimer":{"properties":{"lambdaMs":{"defaultValue":100,"enumValues":[],"required":true},"timerType":{"defaultValue":null,"enumValues":["CONSTANT","PARAMETRIZED_CONSTANT","GAUSSIAN_RANDOM_TIMER","PARAMETRIZED_GAUSSIAN_RANDOM_TIMER","POISSON_RANDOM_TIMER","PARAMETRIZED_POISSON_RANDOM_TIMER","UNIFORM_RANDOM_TIMER","PARAMETRIZED_UNIFORM_RANDOM_TIMER","CONSTANT_THROUGHPUT_TIMER","PARAMETRIZED_CONSTANT_THROUGHPUT_TIMER","PRECISE_THROUGHPUT_TIMER","PARAMETRIZED_PRECISE_THROUGHPUT_TIMER","SYNCHRONIZING_TIMER","PARAMETRIZED_SYNCHRONIZING_TIMER","THROUGHPUT_SHAPING_TIMER","JSR_223_TIMER","BEAN_SHELL_TIMER"],"required":true},"offsetMs":{"defaultValue":300,"enumValues":[],"required":true},"label":{"defaultValue":null,"enumValues":[],"required":true},"id":{"defaultValue":null,"enumValues":[],"required":true},"typeDisplayName":{"defaultValue":null,"enumValues":[],"required":false},"enabled":{"defaultValue":true,"enumValues":[],"required":true}}},"SetupLoadProfile":{"properties":{"loopCount":{"defaultValue":1,"enumValues":[],"required":false},"loopForever":{"defaultValue":false,"enumValues":[],"required":true},"startupDelayMs":{"defaultValue":null,"enumValues":[],"required":false},"rampUpMs":{"defaultValue":1,"enumValues":[],"required":true},"numberOfThreads":{"defaultValue":1,"enumValues":[],"required":true},"type":{"defaultValue":null,"enumValues":["PLAIN","PARAMETERIZED"],"required":true},"specifyThreadLifetime":{"defaultValue":false,"enumValues":[],"required":true},"durationMs":{"defaultValue":null,"enumValues":[],"required":false}}},"ConstantThroughputTimer":{"properties":{"calculateThroughputBasedOn":{"defaultValue":"THIS_THREAD_ONLY","enumValues":["THIS_THREAD_ONLY","ALL_ACTIVE_THREADS_IN_CURRENT_THREAD_GROUP","ALL_ACTIVE_THREADS","ALL_ACTIVE_THREADS_CURRENT_THREAD_GROUP_SHARED","ALL_ACTIVE_THREADS_SHARED"],"required":true},"timerType":{"defaultValue":null,"enumValues":["CONSTANT","PARAMETRIZED_CONSTANT","GAUSSIAN_RANDOM_TIMER","PARAMETRIZED_GAUSSIAN_RANDOM_TIMER","POISSON_RANDOM_TIMER","PARAMETRIZED_POISSON_RANDOM_TIMER","UNIFORM_RANDOM_TIMER","PARAMETRIZED_UNIFORM_RANDOM_TIMER","CONSTANT_THROUGHPUT_TIMER","PARAMETRIZED_CONSTANT_THROUGHPUT_TIMER","PRECISE_THROUGHPUT_TIMER","PARAMETRIZED_PRECISE_THROUGHPUT_TIMER","SYNCHRONIZING_TIMER","PARAMETRIZED_SYNCHRONIZING_TIMER","THROUGHPUT_SHAPING_TIMER","JSR_223_TIMER","BEAN_SHELL_TIMER"],"required":true},"targetThroughput":{"defaultValue":null,"enumValues":[],"required":true},"label":{"defaultValue":null,"enumValues":[],"required":true},"id":{"defaultValue":null,"enumValues":[],"required":true},"typeDisplayName":{"defaultValue":null,"enumValues":[],"required":false},"enabled":{"defaultValue":true,"enumValues":[],"required":true}}},"ParametrizedUltimateThreadGroupStep":{"properties":{"holdLoadTimeMs":{"defaultValue":"60000","enumValues":[],"required":true},"name":{"defaultValue":null,"enumValues":[],"required":true},"type":{"defaultValue":null,"enumValues":["PLAIN","PARAMETERIZED"],"required":true},"shutdownTimeMs":{"defaultValue":"10000","enumValues":[],"required":true},"startupTimeMs":{"defaultValue":"30000","enumValues":[],"required":true},"initDelayMs":{"defaultValue":"0","enumValues":[],"required":true},"startThreadsCount":{"defaultValue":"10","enumValues":[],"required":true}}},"UrlSampledAssertion":{"properties":{"applyTo":{"defaultValue":"PARENT","enumValues":["ALL","CHILDREN","VARIABLE","PARENT"],"required":true},"condition":{"defaultValue":"SUBSTRING","enumValues":["REGEXP_CONTAINS","REGEXP_MATCHES","EQUALS","SUBSTRING","NOT_REGEXP_CONTAINS","NOT_REGEXP_MATCHES","NOT_EQUALS","NOT_SUBSTRING"],"required":true},"or":{"defaultValue":false,"enumValues":[],"required":true},"customFailureMessage":{"defaultValue":null,"enumValues":[],"required":false},"values":{"defaultValue":null,"enumValues":[],"required":true},"applyToVariable":{"defaultValue":null,"enumValues":[],"required":false},"label":{"defaultValue":null,"enumValues":[],"required":true},"id":{"defaultValue":null,"enumValues":[],"required":true},"typeDisplayName":{"defaultValue":null,"enumValues":[],"required":false},"type":{"defaultValue":null,"enumValues":["DURATION","FULL_RESPONSE_SIZE","REQUEST_DATA","REQUEST_HEADERS","RESPONSE_BODY","RESPONSE_BODY_SIZE","RESPONSE_BODY_JSON","RESPONSE_BODY_XPATH2","RESPONSE_CODE","RESPONSE_CODE_SIZE","RESPONSE_HEADERS","RESPONSE_HEADERS_SIZE","RESPONSE_MESSAGE","RESPONSE_MESSAGE_SIZE","RESPONSE_TIKA_EXTRACT","URL_SAMPLED"],"required":true},"ignoreStatus":{"defaultValue":false,"enumValues":[],"required":true},"enabled":{"defaultValue":true,"enumValues":[],"required":true}}},"ResponseHeadersAssertion":{"properties":{"applyTo":{"defaultValue":"PARENT","enumValues":["ALL","CHILDREN","VARIABLE","PARENT"],"required":true},"condition":{"defaultValue":"SUBSTRING","enumValues":["REGEXP_CONTAINS","REGEXP_MATCHES","EQUALS","SUBSTRING","NOT_REGEXP_CONTAINS","NOT_REGEXP_MATCHES","NOT_EQUALS","NOT_SUBSTRING"],"required":true},"or":{"defaultValue":false,"enumValues":[],"required":true},"customFailureMessage":{"defaultValue":null,"enumValues":[],"required":false},"values":{"defaultValue":null,"enumValues":[],"required":true},"applyToVariable":{"defaultValue":null,"enumValues":[],"required":false},"label":{"defaultValue":null,"enumValues":[],"required":true},"id":{"defaultValue":null,"enumValues":[],"required":true},"typeDisplayName":{"defaultValue":null,"enumValues":[],"required":false},"type":{"defaultValue":null,"enumValues":["DURATION","FULL_RESPONSE_SIZE","REQUEST_DATA","REQUEST_HEADERS","RESPONSE_BODY","RESPONSE_BODY_SIZE","RESPONSE_BODY_JSON","RESPONSE_BODY_XPATH2","RESPONSE_CODE","RESPONSE_CODE_SIZE","RESPONSE_HEADERS","RESPONSE_HEADERS_SIZE","RESPONSE_MESSAGE","RESPONSE_MESSAGE_SIZE","RESPONSE_TIKA_EXTRACT","URL_SAMPLED"],"required":true},"ignoreStatus":{"defaultValue":false,"enumValues":[],"required":true},"enabled":{"defaultValue":true,"enumValues":[],"required":true}}},"ResponseBodySizeAssertion":{"properties":{"applyTo":{"defaultValue":"PARENT","enumValues":["ALL","CHILDREN","VARIABLE","PARENT"],"required":true},"condition":{"defaultValue":"EQUALS","enumValues":["EQUALS","NOT_EQUALS","GREATER_THAN","LESS_THAN","GREATER_OR_EQUALS","LESS_OR_EQUALS"],"required":true},"applyToVariable":{"defaultValue":null,"enumValues":[],"required":false},"label":{"defaultValue":null,"enumValues":[],"required":true},"id":{"defaultValue":null,"enumValues":[],"required":true},"typeDisplayName":{"defaultValue":null,"enumValues":[],"required":false},"type":{"defaultValue":null,"enumValues":["DURATION","FULL_RESPONSE_SIZE","REQUEST_DATA","REQUEST_HEADERS","RESPONSE_BODY","RESPONSE_BODY_SIZE","RESPONSE_BODY_JSON","RESPONSE_BODY_XPATH2","RESPONSE_CODE","RESPONSE_CODE_SIZE","RESPONSE_HEADERS","RESPONSE_HEADERS_SIZE","RESPONSE_MESSAGE","RESPONSE_MESSAGE_SIZE","RESPONSE_TIKA_EXTRACT","URL_SAMPLED"],"required":true},"value":{"defaultValue":null,"enumValues":[],"required":true},"enabled":{"defaultValue":true,"enumValues":[],"required":true}}},"TearDownLoadProfile":{"properties":{"loopCount":{"defaultValue":1,"enumValues":[],"required":false},"loopForever":{"defaultValue":false,"enumValues":[],"required":true},"startupDelayMs":{"defaultValue":null,"enumValues":[],"required":false},"rampUpMs":{"defaultValue":1,"enumValues":[],"required":true},"numberOfThreads":{"defaultValue":1,"enumValues":[],"required":true},"type":{"defaultValue":null,"enumValues":["PLAIN","PARAMETERIZED"],"required":true},"specifyThreadLifetime":{"defaultValue":false,"enumValues":[],"required":true},"durationMs":{"defaultValue":null,"enumValues":[],"required":false}}},"ResponseBodyAssertion":{"properties":{"applyTo":{"defaultValue":"PARENT","enumValues":["ALL","CHILDREN","VARIABLE","PARENT"],"required":true},"condition":{"defaultValue":"SUBSTRING","enumValues":["REGEXP_CONTAINS","REGEXP_MATCHES","EQUALS","SUBSTRING","NOT_REGEXP_CONTAINS","NOT_REGEXP_MATCHES","NOT_EQUALS","NOT_SUBSTRING"],"required":true},"or":{"defaultValue":false,"enumValues":[],"required":true},"customFailureMessage":{"defaultValue":null,"enumValues":[],"required":false},"values":{"defaultValue":null,"enumValues":[],"required":true},"applyToVariable":{"defaultValue":null,"enumValues":[],"required":false},"label":{"defaultValue":null,"enumValues":[],"required":true},"id":{"defaultValue":null,"enumValues":[],"required":true},"typeDisplayName":{"defaultValue":null,"enumValues":[],"required":false},"type":{"defaultValue":null,"enumValues":["DURATION","FULL_RESPONSE_SIZE","REQUEST_DATA","REQUEST_HEADERS","RESPONSE_BODY","RESPONSE_BODY_SIZE","RESPONSE_BODY_JSON","RESPONSE_BODY_XPATH2","RESPONSE_CODE","RESPONSE_CODE_SIZE","RESPONSE_HEADERS","RESPONSE_HEADERS_SIZE","RESPONSE_MESSAGE","RESPONSE_MESSAGE_SIZE","RESPONSE_TIKA_EXTRACT","URL_SAMPLED"],"required":true},"ignoreStatus":{"defaultValue":false,"enumValues":[],"required":true},"enabled":{"defaultValue":true,"enumValues":[],"required":true}}},"TransactionControllerProperties":{"properties":{"includeDurationOfAllElementsToGeneratedSampler":{"defaultValue":false,"enumValues":[],"required":true},"generateParentSampler":{"defaultValue":false,"enumValues":[],"required":true},"type":{"defaultValue":null,"enumValues":["TRANSACTION","IF","LOOP","WHILE","FOR_EACH"],"required":true}}},"HttpRequestDefaults":{"properties":{"urlMustMatch":{"defaultValue":null,"enumValues":[],"required":false},"sourceAddress":{"defaultValue":null,"enumValues":[],"required":false},"serverName":{"defaultValue":null,"enumValues":[],"required":false},"label":{"defaultValue":null,"enumValues":[],"required":true},"type":{"defaultValue":null,"enumValues":["HTTP_AUTH_MANAGER","HTTP_COOKIE_MANAGER","HTTP_HEADER_MANAGER","HTTP_REQUEST_DEFAULTS","USER_DEFINED_VARIABLES","RANDOM_CSV_DATASET_CONFIG","CSV_DATASET_CONFIG"],"required":true},"body":{"defaultValue":null,"enumValues":[],"required":false},"enabled":{"defaultValue":true,"enumValues":[],"required":true},"proxyProperties":{"defaultValue":null,"enumValues":[],"required":false},"parallelDownloadsPoolSize":{"defaultValue":null,"enumValues":[],"required":false},"bodyParameters":{"defaultValue":null,"enumValues":[],"required":false},"path":{"defaultValue":null,"enumValues":[],"required":false},"protocol":{"defaultValue":null,"enumValues":[],"required":false},"queryParameters":{"defaultValue":null,"enumValues":[],"required":false},"retrieveAllEmbeddedResources":{"defaultValue":null,"enumValues":[],"required":false},"port":{"defaultValue":null,"enumValues":[],"required":false},"connectTimeout":{"defaultValue":null,"enumValues":[],"required":false},"urlMustNotMatch":{"defaultValue":null,"enumValues":[],"required":false},"contentEncoding":{"defaultValue":null,"enumValues":[],"required":false},"useParallelDownloads":{"defaultValue":null,"enumValues":[],"required":false},"clientImplementation":{"defaultValue":null,"enumValues":["JAVA","HTTP_CLIENT_4"],"required":false},"id":{"defaultValue":null,"enumValues":[],"required":true},"saveResponseAsMd5Hash":{"defaultValue":null,"enumValues":[],"required":false},"responseTimeout":{"defaultValue":null,"enumValues":[],"required":false}}},"CsvParameterValue":{"properties":{"randomOrder":{"defaultValue":true,"enumValues":[],"required":true},"preview":{"defaultValue":null,"enumValues":[],"required":false},"shared":{"defaultValue":true,"enumValues":[],"required":true},"delimiter":{"defaultValue":",","enumValues":[],"required":true},"hasHeaders":{"defaultValue":false,"enumValues":[],"required":true},"recycle":{"defaultValue":true,"enumValues":[],"required":true},"files":{"defaultValue":null,"enumValues":[],"required":false},"parameterNames":{"defaultValue":null,"enumValues":[],"required":true},"location":{"defaultValue":null,"enumValues":[],"required":true}}},"FullResponseSizeAssertion":{"properties":{"applyTo":{"defaultValue":"PARENT","enumValues":["ALL","CHILDREN","VARIABLE","PARENT"],"required":true},"condition":{"defaultValue":"EQUALS","enumValues":["EQUALS","NOT_EQUALS","GREATER_THAN","LESS_THAN","GREATER_OR_EQUALS","LESS_OR_EQUALS"],"required":true},"applyToVariable":{"defaultValue":null,"enumValues":[],"required":false},"label":{"defaultValue":null,"enumValues":[],"required":true},"id":{"defaultValue":null,"enumValues":[],"required":true},"typeDisplayName":{"defaultValue":null,"enumValues":[],"required":false},"type":{"defaultValue":null,"enumValues":["DURATION","FULL_RESPONSE_SIZE","REQUEST_DATA","REQUEST_HEADERS","RESPONSE_BODY","RESPONSE_BODY_SIZE","RESPONSE_BODY_JSON","RESPONSE_BODY_XPATH2","RESPONSE_CODE","RESPONSE_CODE_SIZE","RESPONSE_HEADERS","RESPONSE_HEADERS_SIZE","RESPONSE_MESSAGE","RESPONSE_MESSAGE_SIZE","RESPONSE_TIKA_EXTRACT","URL_SAMPLED"],"required":true},"value":{"defaultValue":null,"enumValues":[],"required":true},"enabled":{"defaultValue":true,"enumValues":[],"required":true}}},"WhileControllerProperties":{"properties":{"condition":{"defaultValue":null,"enumValues":[],"required":true},"type":{"defaultValue":null,"enumValues":["TRANSACTION","IF","LOOP","WHILE","FOR_EACH"],"required":true}}},"PreciseThroughputTimer":{"properties":{"randomSeed":{"defaultValue":0,"enumValues":[],"required":true},"numberOfThreadsInBatch":{"defaultValue":1,"enumValues":[],"required":true},"throughputPeriodSec":{"defaultValue":3600,"enumValues":[],"required":true},"timerType":{"defaultValue":null,"enumValues":["CONSTANT","PARAMETRIZED_CONSTANT","GAUSSIAN_RANDOM_TIMER","PARAMETRIZED_GAUSSIAN_RANDOM_TIMER","POISSON_RANDOM_TIMER","PARAMETRIZED_POISSON_RANDOM_TIMER","UNIFORM_RANDOM_TIMER","PARAMETRIZED_UNIFORM_RANDOM_TIMER","CONSTANT_THROUGHPUT_TIMER","PARAMETRIZED_CONSTANT_THROUGHPUT_TIMER","PRECISE_THROUGHPUT_TIMER","PARAMETRIZED_PRECISE_THROUGHPUT_TIMER","SYNCHRONIZING_TIMER","PARAMETRIZED_SYNCHRONIZING_TIMER","THROUGHPUT_SHAPING_TIMER","JSR_223_TIMER","BEAN_SHELL_TIMER"],"required":true},"delayBetweenThreadsInTheBatchMs":{"defaultValue":0,"enumValues":[],"required":true},"targetThroughput":{"defaultValue":100.0,"enumValues":[],"required":true},"label":{"defaultValue":null,"enumValues":[],"required":true},"id":{"defaultValue":null,"enumValues":[],"required":true},"typeDisplayName":{"defaultValue":null,"enumValues":[],"required":false},"enabled":{"defaultValue":true,"enumValues":[],"required":true}}},"SynchronizingTimer":{"properties":{"timerType":{"defaultValue":null,"enumValues":["CONSTANT","PARAMETRIZED_CONSTANT","GAUSSIAN_RANDOM_TIMER","PARAMETRIZED_GAUSSIAN_RANDOM_TIMER","POISSON_RANDOM_TIMER","PARAMETRIZED_POISSON_RANDOM_TIMER","UNIFORM_RANDOM_TIMER","PARAMETRIZED_UNIFORM_RANDOM_TIMER","CONSTANT_THROUGHPUT_TIMER","PARAMETRIZED_CONSTANT_THROUGHPUT_TIMER","PRECISE_THROUGHPUT_TIMER","PARAMETRIZED_PRECISE_THROUGHPUT_TIMER","SYNCHRONIZING_TIMER","PARAMETRIZED_SYNCHRONIZING_TIMER","THROUGHPUT_SHAPING_TIMER","JSR_223_TIMER","BEAN_SHELL_TIMER"],"required":true},"numberOfSimulatedUsersToGroup":{"defaultValue":0,"enumValues":[],"required":true},"timeoutMs":{"defaultValue":0,"enumValues":[],"required":true},"label":{"defaultValue":null,"enumValues":[],"required":true},"id":{"defaultValue":null,"enumValues":[],"required":true},"typeDisplayName":{"defaultValue":null,"enumValues":[],"required":false},"enabled":{"defaultValue":true,"enumValues":[],"required":true}}},"ParametrizedPreciseThroughputTimer":{"properties":{"randomSeed":{"defaultValue":null,"enumValues":[],"required":true},"numberOfThreadsInBatch":{"defaultValue":null,"enumValues":[],"required":true},"throughputPeriodSec":{"defaultValue":null,"enumValues":[],"required":true},"timerType":{"defaultValue":null,"enumValues":["CONSTANT","PARAMETRIZED_CONSTANT","GAUSSIAN_RANDOM_TIMER","PARAMETRIZED_GAUSSIAN_RANDOM_TIMER","POISSON_RANDOM_TIMER","PARAMETRIZED_POISSON_RANDOM_TIMER","UNIFORM_RANDOM_TIMER","PARAMETRIZED_UNIFORM_RANDOM_TIMER","CONSTANT_THROUGHPUT_TIMER","PARAMETRIZED_CONSTANT_THROUGHPUT_TIMER","PRECISE_THROUGHPUT_TIMER","PARAMETRIZED_PRECISE_THROUGHPUT_TIMER","SYNCHRONIZING_TIMER","PARAMETRIZED_SYNCHRONIZING_TIMER","THROUGHPUT_SHAPING_TIMER","JSR_223_TIMER","BEAN_SHELL_TIMER"],"required":true},"delayBetweenThreadsInTheBatchMs":{"defaultValue":null,"enumValues":[],"required":true},"targetThroughput":{"defaultValue":null,"enumValues":[],"required":true},"label":{"defaultValue":null,"enumValues":[],"required":true},"id":{"defaultValue":null,"enumValues":[],"required":true},"typeDisplayName":{"defaultValue":null,"enumValues":[],"required":false},"enabled":{"defaultValue":true,"enumValues":[],"required":true}}},"ParametrizedPoissonRandomTimer":{"properties":{"lambdaMs":{"defaultValue":null,"enumValues":[],"required":true},"timerType":{"defaultValue":null,"enumValues":["CONSTANT","PARAMETRIZED_CONSTANT","GAUSSIAN_RANDOM_TIMER","PARAMETRIZED_GAUSSIAN_RANDOM_TIMER","POISSON_RANDOM_TIMER","PARAMETRIZED_POISSON_RANDOM_TIMER","UNIFORM_RANDOM_TIMER","PARAMETRIZED_UNIFORM_RANDOM_TIMER","CONSTANT_THROUGHPUT_TIMER","PARAMETRIZED_CONSTANT_THROUGHPUT_TIMER","PRECISE_THROUGHPUT_TIMER","PARAMETRIZED_PRECISE_THROUGHPUT_TIMER","SYNCHRONIZING_TIMER","PARAMETRIZED_SYNCHRONIZING_TIMER","THROUGHPUT_SHAPING_TIMER","JSR_223_TIMER","BEAN_SHELL_TIMER"],"required":true},"offsetMs":{"defaultValue":"300","enumValues":[],"required":true},"label":{"defaultValue":null,"enumValues":[],"required":true},"id":{"defaultValue":null,"enumValues":[],"required":true},"typeDisplayName":{"defaultValue":null,"enumValues":[],"required":false},"enabled":{"defaultValue":true,"enumValues":[],"required":true}}},"SimpleThreadGroupLoadProfile":{"properties":{"loopCount":{"defaultValue":1,"enumValues":[],"required":false},"loopForever":{"defaultValue":false,"enumValues":[],"required":true},"startupDelayMs":{"defaultValue":null,"enumValues":[],"required":false},"rampUpMs":{"defaultValue":1,"enumValues":[],"required":true},"numberOfThreads":{"defaultValue":1,"enumValues":[],"required":true},"specifyThreadLifetime":{"defaultValue":false,"enumValues":[],"required":true},"durationMs":{"defaultValue":null,"enumValues":[],"required":false}}},"RegexpExtractor":{"properties":{"variableName":{"defaultValue":null,"enumValues":[],"required":true},"regularExpression":{"defaultValue":null,"enumValues":[],"required":true},"defaultValue":{"defaultValue":null,"enumValues":[],"required":false},"scope":{"defaultValue":"PARENT","enumValues":["ALL","CHILDREN","PARENT","VARIABLE"],"required":true},"scopeVariable":{"defaultValue":null,"enumValues":[],"required":false},"fieldToCheck":{"defaultValue":"BODY","enumValues":["BODY","BODY_UNESCAPED","BODY_AS_DOCUMENT","RESPONSE_HEADERS","REQUEST_HEADERS","URL","RESPONSE_CODE","RESPONSE_MESSAGE"],"required":true},"label":{"defaultValue":null,"enumValues":[],"required":true},"id":{"defaultValue":null,"enumValues":[],"required":false},"typeDisplayName":{"defaultValue":null,"enumValues":[],"required":false},"type":{"defaultValue":null,"enumValues":["BOUNDARY","JSON","XPATH2","REGEXP"],"required":true},"groupNumber":{"defaultValue":null,"enumValues":[],"required":true},"enabled":{"defaultValue":true,"enumValues":[],"required":true},"matchNumber":{"defaultValue":null,"enumValues":[],"required":true}}},"BoomqTestPlan":{"properties":{"configurationElements":{"defaultValue":null,"enumValues":[],"required":false},"threadGroups":{"defaultValue":null,"enumValues":[],"required":true},"timers":{"defaultValue":null,"enumValues":[],"required":false},"urlOverwrites":{"defaultValue":null,"enumValues":[],"required":false},"classpath":{"defaultValue":null,"enumValues":[],"required":false},"runThreadGroupConsecutively":{"defaultValue":false,"enumValues":[],"required":true},"loadProfileType":{"defaultValue":null,"enumValues":["PER_GROUP","PER_TEST"],"required":true},"functionalMode":{"defaultValue":false,"enumValues":[],"required":true},"runTearDownAfterShutdown":{"defaultValue":true,"enumValues":[],"required":true},"loadProfile":{"defaultValue":null,"enumValues":[],"required":false}}},"ResponseCodeAssertion":{"properties":{"applyTo":{"defaultValue":"PARENT","enumValues":["ALL","CHILDREN","VARIABLE","PARENT"],"required":true},"condition":{"defaultValue":"SUBSTRING","enumValues":["REGEXP_CONTAINS","REGEXP_MATCHES","EQUALS","SUBSTRING","NOT_REGEXP_CONTAINS","NOT_REGEXP_MATCHES","NOT_EQUALS","NOT_SUBSTRING"],"required":true},"or":{"defaultValue":false,"enumValues":[],"required":true},"customFailureMessage":{"defaultValue":null,"enumValues":[],"required":false},"values":{"defaultValue":null,"enumValues":[],"required":true},"applyToVariable":{"defaultValue":null,"enumValues":[],"required":false},"label":{"defaultValue":null,"enumValues":[],"required":true},"id":{"defaultValue":null,"enumValues":[],"required":true},"typeDisplayName":{"defaultValue":null,"enumValues":[],"required":false},"type":{"defaultValue":null,"enumValues":["DURATION","FULL_RESPONSE_SIZE","REQUEST_DATA","REQUEST_HEADERS","RESPONSE_BODY","RESPONSE_BODY_SIZE","RESPONSE_BODY_JSON","RESPONSE_BODY_XPATH2","RESPONSE_CODE","RESPONSE_CODE_SIZE","RESPONSE_HEADERS","RESPONSE_HEADERS_SIZE","RESPONSE_MESSAGE","RESPONSE_MESSAGE_SIZE","RESPONSE_TIKA_EXTRACT","URL_SAMPLED"],"required":true},"ignoreStatus":{"defaultValue":false,"enumValues":[],"required":true},"enabled":{"defaultValue":true,"enumValues":[],"required":true}}},"MatchNumber":{"properties":{"matchType":{"defaultValue":"RANDOM_MATCH","enumValues":["ALL_MATCHES","RANDOM_MATCH","SPECIFIC_MATCH"],"required":true},"value":{"defaultValue":null,"enumValues":[],"required":false}}},"LongProperty":{"properties":{"type":{"defaultValue":null,"enumValues":["STRING","LONG","INTEGER","DOUBLE","PARAMETER"],"required":true},"value":{"defaultValue":null,"enumValues":[],"required":true}}},"ResponseMessageAssertion":{"properties":{"applyTo":{"defaultValue":"PARENT","enumValues":["ALL","CHILDREN","VARIABLE","PARENT"],"required":true},"condition":{"defaultValue":"SUBSTRING","enumValues":["REGEXP_CONTAINS","REGEXP_MATCHES","EQUALS","SUBSTRING","NOT_REGEXP_CONTAINS","NOT_REGEXP_MATCHES","NOT_EQUALS","NOT_SUBSTRING"],"required":true},"or":{"defaultValue":false,"enumValues":[],"required":true},"customFailureMessage":{"defaultValue":null,"enumValues":[],"required":false},"values":{"defaultValue":null,"enumValues":[],"required":true},"applyToVariable":{"defaultValue":null,"enumValues":[],"required":false},"label":{"defaultValue":null,"enumValues":[],"required":true},"id":{"defaultValue":null,"enumValues":[],"required":true},"typeDisplayName":{"defaultValue":null,"enumValues":[],"required":false},"type":{"defaultValue":null,"enumValues":["DURATION","FULL_RESPONSE_SIZE","REQUEST_DATA","REQUEST_HEADERS","RESPONSE_BODY","RESPONSE_BODY_SIZE","RESPONSE_BODY_JSON","RESPONSE_BODY_XPATH2","RESPONSE_CODE","RESPONSE_CODE_SIZE","RESPONSE_HEADERS","RESPONSE_HEADERS_SIZE","RESPONSE_MESSAGE","RESPONSE_MESSAGE_SIZE","RESPONSE_TIKA_EXTRACT","URL_SAMPLED"],"required":true},"ignoreStatus":{"defaultValue":false,"enumValues":[],"required":true},"enabled":{"defaultValue":true,"enumValues":[],"required":true}}},"IfControllerProperties":{"properties":{"condition":{"defaultValue":null,"enumValues":[],"required":true},"useVariableExpression":{"defaultValue":true,"enumValues":[],"required":true},"evaluateAll":{"defaultValue":false,"enumValues":[],"required":true},"type":{"defaultValue":null,"enumValues":["TRANSACTION","IF","LOOP","WHILE","FOR_EACH"],"required":true}}},"BoomqLoadProfile":{"properties":{"usersPerStep":{"defaultValue":10,"enumValues":[],"required":true},"rampDownMs":{"defaultValue":60000,"enumValues":[],"required":true},"durationAddedOnLastStepMs":{"defaultValue":0,"enumValues":[],"required":true},"rampUpMs":{"defaultValue":60000,"enumValues":[],"required":true},"stepLengthMs":{"defaultValue":600000,"enumValues":[],"required":true},"stepCount":{"defaultValue":1,"enumValues":[],"required":true}}},"JsonExtractor":{"properties":{"variableName":{"defaultValue":null,"enumValues":[],"required":true},"jsonPathExpression":{"defaultValue":null,"enumValues":[],"required":true},"defaultValue":{"defaultValue":null,"enumValues":[],"required":false},"computeConcatenation":{"defaultValue":false,"enumValues":[],"required":true},"scope":{"defaultValue":"PARENT","enumValues":["ALL","CHILDREN","PARENT","VARIABLE"],"required":true},"scopeVariable":{"defaultValue":null,"enumValues":[],"required":false},"label":{"defaultValue":null,"enumValues":[],"required":true},"id":{"defaultValue":null,"enumValues":[],"required":false},"typeDisplayName":{"defaultValue":null,"enumValues":[],"required":false},"type":{"defaultValue":null,"enumValues":["BOUNDARY","JSON","XPATH2","REGEXP"],"required":true},"enabled":{"defaultValue":true,"enumValues":[],"required":true},"matchNumber":{"defaultValue":null,"enumValues":[],"required":true}}},"HttpSamplerQueryParameter":{"properties":{"useEquals":{"defaultValue":true,"enumValues":[],"required":true},"alwaysEncode":{"defaultValue":false,"enumValues":[],"required":true},"name":{"defaultValue":null,"enumValues":[],"required":true},"value":{"defaultValue":null,"enumValues":[],"required":false}}},"BeanShellTimer":{"properties":{"timerType":{"defaultValue":null,"enumValues":["CONSTANT","PARAMETRIZED_CONSTANT","GAUSSIAN_RANDOM_TIMER","PARAMETRIZED_GAUSSIAN_RANDOM_TIMER","POISSON_RANDOM_TIMER","PARAMETRIZED_POISSON_RANDOM_TIMER","UNIFORM_RANDOM_TIMER","PARAMETRIZED_UNIFORM_RANDOM_TIMER","CONSTANT_THROUGHPUT_TIMER","PARAMETRIZED_CONSTANT_THROUGHPUT_TIMER","PRECISE_THROUGHPUT_TIMER","PARAMETRIZED_PRECISE_THROUGHPUT_TIMER","SYNCHRONIZING_TIMER","PARAMETRIZED_SYNCHRONIZING_TIMER","THROUGHPUT_SHAPING_TIMER","JSR_223_TIMER","BEAN_SHELL_TIMER"],"required":true},"resetInterpreterBeforeEachCall":{"defaultValue":false,"enumValues":[],"required":true},"scriptFileId":{"defaultValue":null,"enumValues":[],"required":false},"label":{"defaultValue":null,"enumValues":[],"required":true},"id":{"defaultValue":null,"enumValues":[],"required":true},"typeDisplayName":{"defaultValue":null,"enumValues":[],"required":false},"parameters":{"defaultValue":null,"enumValues":[],"required":false},"enabled":{"defaultValue":true,"enumValues":[],"required":true},"script":{"defaultValue":null,"enumValues":[],"required":false}}},"Variable":{"properties":{"name":{"defaultValue":null,"enumValues":[],"required":false},"description":{"defaultValue":null,"enumValues":[],"required":false},"value":{"defaultValue":null,"enumValues":[],"required":false}}},"ResponseMessageSizeAssertion":{"properties":{"applyTo":{"defaultValue":"PARENT","enumValues":["ALL","CHILDREN","VARIABLE","PARENT"],"required":true},"condition":{"defaultValue":"EQUALS","enumValues":["EQUALS","NOT_EQUALS","GREATER_THAN","LESS_THAN","GREATER_OR_EQUALS","LESS_OR_EQUALS"],"required":true},"applyToVariable":{"defaultValue":null,"enumValues":[],"required":false},"label":{"defaultValue":null,"enumValues":[],"required":true},"id":{"defaultValue":null,"enumValues":[],"required":true},"typeDisplayName":{"defaultValue":null,"enumValues":[],"required":false},"type":{"defaultValue":null,"enumValues":["DURATION","FULL_RESPONSE_SIZE","REQUEST_DATA","REQUEST_HEADERS","RESPONSE_BODY","RESPONSE_BODY_SIZE","RESPONSE_BODY_JSON","RESPONSE_BODY_XPATH2","RESPONSE_CODE","RESPONSE_CODE_SIZE","RESPONSE_HEADERS","RESPONSE_HEADERS_SIZE","RESPONSE_MESSAGE","RESPONSE_MESSAGE_SIZE","RESPONSE_TIKA_EXTRACT","URL_SAMPLED"],"required":true},"value":{"defaultValue":null,"enumValues":[],"required":true},"enabled":{"defaultValue":true,"enumValues":[],"required":true}}},"PacingConfiguration":{"properties":{"calculateThroughputBasedOn":{"defaultValue":"THIS_THREAD_ONLY","enumValues":["THIS_THREAD_ONLY","ALL_ACTIVE_THREADS_IN_CURRENT_THREAD_GROUP","ALL_ACTIVE_THREADS","ALL_ACTIVE_THREADS_CURRENT_THREAD_GROUP_SHARED","ALL_ACTIVE_THREADS_SHARED"],"required":true},"targetThroughputPerMinute":{"defaultValue":0.0,"enumValues":[],"required":true},"enabled":{"defaultValue":false,"enumValues":[],"required":true}}},"RequestDataAssertion":{"properties":{"applyTo":{"defaultValue":"PARENT","enumValues":["ALL","CHILDREN","VARIABLE","PARENT"],"required":true},"condition":{"defaultValue":"SUBSTRING","enumValues":["REGEXP_CONTAINS","REGEXP_MATCHES","EQUALS","SUBSTRING","NOT_REGEXP_CONTAINS","NOT_REGEXP_MATCHES","NOT_EQUALS","NOT_SUBSTRING"],"required":true},"or":{"defaultValue":false,"enumValues":[],"required":true},"customFailureMessage":{"defaultValue":null,"enumValues":[],"required":false},"values":{"defaultValue":null,"enumValues":[],"required":true},"applyToVariable":{"defaultValue":null,"enumValues":[],"required":false},"label":{"defaultValue":null,"enumValues":[],"required":true},"id":{"defaultValue":null,"enumValues":[],"required":true},"typeDisplayName":{"defaultValue":null,"enumValues":[],"required":false},"type":{"defaultValue":null,"enumValues":["DURATION","FULL_RESPONSE_SIZE","REQUEST_DATA","REQUEST_HEADERS","RESPONSE_BODY","RESPONSE_BODY_SIZE","RESPONSE_BODY_JSON","RESPONSE_BODY_XPATH2","RESPONSE_CODE","RESPONSE_CODE_SIZE","RESPONSE_HEADERS","RESPONSE_HEADERS_SIZE","RESPONSE_MESSAGE","RESPONSE_MESSAGE_SIZE","RESPONSE_TIKA_EXTRACT","URL_SAMPLED"],"required":true},"ignoreStatus":{"defaultValue":false,"enumValues":[],"required":true},"enabled":{"defaultValue":true,"enumValues":[],"required":true}}},"ParametrizedSimpleLoadProfile":{"properties":{"loopCount":{"defaultValue":null,"enumValues":[],"required":true},"loopForever":{"defaultValue":null,"enumValues":[],"required":true},"startupDelayMs":{"defaultValue":null,"enumValues":[],"required":true},"rampUpMs":{"defaultValue":null,"enumValues":[],"required":true},"numberOfThreads":{"defaultValue":null,"enumValues":[],"required":true},"type":{"defaultValue":null,"enumValues":["PLAIN","PARAMETERIZED"],"required":true},"specifyThreadLifetime":{"defaultValue":false,"enumValues":[],"required":true},"durationMs":{"defaultValue":null,"enumValues":[],"required":true}}},"StringProperty":{"properties":{"type":{"defaultValue":null,"enumValues":["STRING","LONG","INTEGER","DOUBLE","PARAMETER"],"required":true},"value":{"defaultValue":null,"enumValues":[],"required":true}}},"ResponseBodyXPath2Assertion":{"properties":{"applyTo":{"defaultValue":"PARENT","enumValues":["ALL","CHILDREN","VARIABLE","PARENT"],"required":true},"condition":{"defaultValue":null,"enumValues":["MATCHES_XPATH2","NOT_MATCHES_XPATH2"],"required":true},"namespacesAliases":{"defaultValue":null,"enumValues":[],"required":true},"applyToVariable":{"defaultValue":null,"enumValues":[],"required":false},"label":{"defaultValue":null,"enumValues":[],"required":true},"id":{"defaultValue":null,"enumValues":[],"required":true},"typeDisplayName":{"defaultValue":null,"enumValues":[],"required":false},"type":{"defaultValue":null,"enumValues":["DURATION","FULL_RESPONSE_SIZE","REQUEST_DATA","REQUEST_HEADERS","RESPONSE_BODY","RESPONSE_BODY_SIZE","RESPONSE_BODY_JSON","RESPONSE_BODY_XPATH2","RESPONSE_CODE","RESPONSE_CODE_SIZE","RESPONSE_HEADERS","RESPONSE_HEADERS_SIZE","RESPONSE_MESSAGE","RESPONSE_MESSAGE_SIZE","RESPONSE_TIKA_EXTRACT","URL_SAMPLED"],"required":true},"value":{"defaultValue":null,"enumValues":[],"required":true},"enabled":{"defaultValue":true,"enumValues":[],"required":true}}},"HttpSamplerBodyParameter":{"properties":{"useEquals":{"defaultValue":true,"enumValues":[],"required":true},"alwaysEncode":{"defaultValue":false,"enumValues":[],"required":true},"name":{"defaultValue":null,"enumValues":[],"required":true},"contentType":{"defaultValue":"text/plain","enumValues":[],"required":true},"value":{"defaultValue":null,"enumValues":[],"required":false}}},"ParameterProperty":{"properties":{"type":{"defaultValue":null,"enumValues":["STRING","LONG","INTEGER","DOUBLE","PARAMETER"],"required":true},"value":{"defaultValue":null,"enumValues":[],"required":true}}},"JmeterProperty":{"properties":{"name":{"defaultValue":null,"enumValues":[],"required":true},"value":{"defaultValue":null,"enumValues":[],"required":false}}},"ParametrizedConstantThroughputTimerDto":{"properties":{"calculateThroughputBasedOn":{"defaultValue":"THIS_THREAD_ONLY","enumValues":["THIS_THREAD_ONLY","ALL_ACTIVE_THREADS_IN_CURRENT_THREAD_GROUP","ALL_ACTIVE_THREADS","ALL_ACTIVE_THREADS_CURRENT_THREAD_GROUP_SHARED","ALL_ACTIVE_THREADS_SHARED"],"required":true},"timerType":{"defaultValue":null,"enumValues":["CONSTANT","PARAMETRIZED_CONSTANT","GAUSSIAN_RANDOM_TIMER","PARAMETRIZED_GAUSSIAN_RANDOM_TIMER","POISSON_RANDOM_TIMER","PARAMETRIZED_POISSON_RANDOM_TIMER","UNIFORM_RANDOM_TIMER","PARAMETRIZED_UNIFORM_RANDOM_TIMER","CONSTANT_THROUGHPUT_TIMER","PARAMETRIZED_CONSTANT_THROUGHPUT_TIMER","PRECISE_THROUGHPUT_TIMER","PARAMETRIZED_PRECISE_THROUGHPUT_TIMER","SYNCHRONIZING_TIMER","PARAMETRIZED_SYNCHRONIZING_TIMER","THROUGHPUT_SHAPING_TIMER","JSR_223_TIMER","BEAN_SHELL_TIMER"],"required":true},"targetThroughput":{"defaultValue":null,"enumValues":[],"required":true},"label":{"defaultValue":null,"enumValues":[],"required":true},"id":{"defaultValue":null,"enumValues":[],"required":true},"typeDisplayName":{"defaultValue":null,"enumValues":[],"required":false},"enabled":{"defaultValue":true,"enumValues":[],"required":true}}},"ParametrizedUniformRandomTimer":{"properties":{"timerType":{"defaultValue":null,"enumValues":["CONSTANT","PARAMETRIZED_CONSTANT","GAUSSIAN_RANDOM_TIMER","PARAMETRIZED_GAUSSIAN_RANDOM_TIMER","POISSON_RANDOM_TIMER","PARAMETRIZED_POISSON_RANDOM_TIMER","UNIFORM_RANDOM_TIMER","PARAMETRIZED_UNIFORM_RANDOM_TIMER","CONSTANT_THROUGHPUT_TIMER","PARAMETRIZED_CONSTANT_THROUGHPUT_TIMER","PRECISE_THROUGHPUT_TIMER","PARAMETRIZED_PRECISE_THROUGHPUT_TIMER","SYNCHRONIZING_TIMER","PARAMETRIZED_SYNCHRONIZING_TIMER","THROUGHPUT_SHAPING_TIMER","JSR_223_TIMER","BEAN_SHELL_TIMER"],"required":true},"randomDelayRangeMs":{"defaultValue":null,"enumValues":[],"required":true},"constantDelayOffsetMs":{"defaultValue":null,"enumValues":[],"required":true},"label":{"defaultValue":null,"enumValues":[],"required":true},"id":{"defaultValue":null,"enumValues":[],"required":true},"typeDisplayName":{"defaultValue":null,"enumValues":[],"required":false},"enabled":{"defaultValue":true,"enumValues":[],"required":true}}},"Authorization":{"properties":{"password":{"defaultValue":null,"enumValues":[],"required":true},"baseUrl":{"defaultValue":null,"enumValues":[],"required":true},"domain":{"defaultValue":null,"enumValues":[],"required":false},"realm":{"defaultValue":null,"enumValues":[],"required":false},"mechanism":{"defaultValue":"BASIC","enumValues":["BASIC","BASIC_DIGEST","DIGEST","KERBEROS"],"required":true},"username":{"defaultValue":null,"enumValues":[],"required":true}}},"TextFileDto":{"properties":{"preview":{"defaultValue":null,"enumValues":[],"required":false},"link":{"defaultValue":null,"enumValues":[],"required":true},"name":{"defaultValue":null,"enumValues":[],"required":true},"id":{"defaultValue":null,"enumValues":[],"required":true},"type":{"defaultValue":null,"enumValues":["TEXT","PROTO","DEFAULT"],"required":true}}},"ParametrizedTearDownLoadProfile":{"properties":{"loopCount":{"defaultValue":null,"enumValues":[],"required":true},"loopForever":{"defaultValue":null,"enumValues":[],"required":true},"startupDelayMs":{"defaultValue":null,"enumValues":[],"required":true},"rampUpMs":{"defaultValue":null,"enumValues":[],"required":true},"numberOfThreads":{"defaultValue":null,"enumValues":[],"required":true},"type":{"defaultValue":null,"enumValues":["PLAIN","PARAMETERIZED"],"required":true},"specifyThreadLifetime":{"defaultValue":false,"enumValues":[],"required":true},"durationMs":{"defaultValue":null,"enumValues":[],"required":true}}},"UserDefinedVariables":{"properties":{"variables":{"defaultValue":null,"enumValues":[],"required":true},"label":{"defaultValue":null,"enumValues":[],"required":true},"id":{"defaultValue":null,"enumValues":[],"required":true},"type":{"defaultValue":null,"enumValues":["HTTP_AUTH_MANAGER","HTTP_COOKIE_MANAGER","HTTP_HEADER_MANAGER","HTTP_REQUEST_DEFAULTS","USER_DEFINED_VARIABLES","RANDOM_CSV_DATASET_CONFIG","CSV_DATASET_CONFIG"],"required":true},"enabled":{"defaultValue":true,"enumValues":[],"required":true}}},"RandomCsvDataSetConfig":{"properties":{"randomOrder":{"defaultValue":true,"enumValues":[],"required":true},"firstLineIsCsvHeader":{"defaultValue":false,"enumValues":[],"required":true},"fileEncoding":{"defaultValue":"UTF-8","enumValues":[],"required":true},"independentListPerThread":{"defaultValue":true,"enumValues":[],"required":true},"delimiter":{"defaultValue":",","enumValues":[],"required":true},"label":{"defaultValue":null,"enumValues":[],"required":true},"id":{"defaultValue":null,"enumValues":[],"required":true},"rewindOnEndOfList":{"defaultValue":true,"enumValues":[],"required":true},"variablesNames":{"defaultValue":null,"enumValues":[],"required":true},"type":{"defaultValue":null,"enumValues":["HTTP_AUTH_MANAGER","HTTP_COOKIE_MANAGER","HTTP_HEADER_MANAGER","HTTP_REQUEST_DEFAULTS","USER_DEFINED_VARIABLES","RANDOM_CSV_DATASET_CONFIG","CSV_DATASET_CONFIG"],"required":true},"enabled":{"defaultValue":true,"enumValues":[],"required":true},"fileId":{"defaultValue":null,"enumValues":[],"required":true}}},"JmeterToolConfiguration":{"properties":{"type":{"defaultValue":null,"enumValues":["JMETER"],"required":true},"jmeterProperties":{"defaultValue":null,"enumValues":[],"required":false}}},"GrpcRequestProperties":{"properties":{"metadata":{"defaultValue":null,"enumValues":[],"required":false},"protocol":{"defaultValue":null,"enumValues":[],"required":false},"fullMethod":{"defaultValue":null,"enumValues":[],"required":false},"port":{"defaultValue":null,"enumValues":[],"required":false},"libraries":{"defaultValue":null,"enumValues":[],"required":false},"serverName":{"defaultValue":null,"enumValues":[],"required":false},"protoFiles":{"defaultValue":null,"enumValues":[],"required":false},"type":{"defaultValue":null,"enumValues":["HTTP","GRPC"],"required":true},"body":{"defaultValue":null,"enumValues":[],"required":false},"deadline":{"defaultValue":1000,"enumValues":[],"required":false},"disableSSLCertVerification":{"defaultValue":true,"enumValues":[],"required":true},"responsePreview":{"defaultValue":null,"enumValues":[],"required":false}}},"SetupThreadGroup":{"properties":{"boomqConfiguration":{"defaultValue":null,"enumValues":[],"required":true},"threadGroupElements":{"defaultValue":null,"enumValues":[],"required":true},"label":{"defaultValue":null,"enumValues":[],"required":true},"id":{"defaultValue":null,"enumValues":[],"required":true},"typeDisplayName":{"defaultValue":null,"enumValues":[],"required":false},"type":{"defaultValue":null,"enumValues":["ARRIVALS","BOOMQ_STABLE_SCALABILITY","CONCURRENCY","FREE_FORM_ARRIVALS","SETUP","SIMPLE","STEPPING","TEAR_DOWN","ULTIMATE"],"required":true},"loadProfile":{"defaultValue":null,"enumValues":[],"required":false},"enabled":{"defaultValue":true,"enumValues":[],"required":true},"onSampleError":{"defaultValue":"ON_SAMPLE_ERROR_CONTINUE","enumValues":["ON_SAMPLE_ERROR_CONTINUE","ON_SAMPLE_ERROR_START_NEXT_LOOP","ON_SAMPLE_ERROR_STOP_THREAD","ON_SAMPLE_ERROR_STOP_TEST","ON_SAMPLE_ERROR_STOP_TEST_NOW"],"required":true},"sameUserOnEachIteration":{"defaultValue":true,"enumValues":[],"required":true}}},"SourceAddress":{"properties":{"sourceAddress":{"defaultValue":null,"enumValues":[],"required":true},"sourceAddressType":{"defaultValue":"IP_OR_HOSTNAME","enumValues":["IP_OR_HOSTNAME","DEVICE","DEVICE_IPV4","DEVICE_IPV6"],"required":true}}},"UltimateThreadGroup":{"properties":{"boomqConfiguration":{"defaultValue":null,"enumValues":[],"required":true},"threadGroupElements":{"defaultValue":null,"enumValues":[],"required":true},"label":{"defaultValue":null,"enumValues":[],"required":true},"id":{"defaultValue":null,"enumValues":[],"required":true},"typeDisplayName":{"defaultValue":null,"enumValues":[],"required":false},"type":{"defaultValue":null,"enumValues":["ARRIVALS","BOOMQ_STABLE_SCALABILITY","CONCURRENCY","FREE_FORM_ARRIVALS","SETUP","SIMPLE","STEPPING","TEAR_DOWN","ULTIMATE"],"required":true},"steps":{"defaultValue":null,"enumValues":[],"required":true},"enabled":{"defaultValue":true,"enumValues":[],"required":true},"onSampleError":{"defaultValue":"ON_SAMPLE_ERROR_CONTINUE","enumValues":["ON_SAMPLE_ERROR_CONTINUE","ON_SAMPLE_ERROR_START_NEXT_LOOP","ON_SAMPLE_ERROR_STOP_THREAD","ON_SAMPLE_ERROR_STOP_TEST","ON_SAMPLE_ERROR_STOP_TEST_NOW"],"required":true}}},"IntegerProperty":{"properties":{"type":{"defaultValue":null,"enumValues":["STRING","LONG","INTEGER","DOUBLE","PARAMETER"],"required":true},"value":{"defaultValue":null,"enumValues":[],"required":true}}},"ResponseCodeSizeAssertion":{"properties":{"applyTo":{"defaultValue":"PARENT","enumValues":["ALL","CHILDREN","VARIABLE","PARENT"],"required":true},"condition":{"defaultValue":"EQUALS","enumValues":["EQUALS","NOT_EQUALS","GREATER_THAN","LESS_THAN","GREATER_OR_EQUALS","LESS_OR_EQUALS"],"required":true},"applyToVariable":{"defaultValue":null,"enumValues":[],"required":false},"label":{"defaultValue":null,"enumValues":[],"required":true},"id":{"defaultValue":null,"enumValues":[],"required":true},"typeDisplayName":{"defaultValue":null,"enumValues":[],"required":false},"type":{"defaultValue":null,"enumValues":["DURATION","FULL_RESPONSE_SIZE","REQUEST_DATA","REQUEST_HEADERS","RESPONSE_BODY","RESPONSE_BODY_SIZE","RESPONSE_BODY_JSON","RESPONSE_BODY_XPATH2","RESPONSE_CODE","RESPONSE_CODE_SIZE","RESPONSE_HEADERS","RESPONSE_HEADERS_SIZE","RESPONSE_MESSAGE","RESPONSE_MESSAGE_SIZE","RESPONSE_TIKA_EXTRACT","URL_SAMPLED"],"required":true},"value":{"defaultValue":null,"enumValues":[],"required":true},"enabled":{"defaultValue":true,"enumValues":[],"required":true}}},"LiteralParameterValue":{"properties":{"name":{"defaultValue":null,"enumValues":[],"required":true},"content":{"defaultValue":null,"enumValues":[],"required":true}}},"UniformRandomTimer":{"properties":{"upperLimitMs":{"defaultValue":100,"enumValues":[],"required":true},"timerType":{"defaultValue":null,"enumValues":["CONSTANT","PARAMETRIZED_CONSTANT","GAUSSIAN_RANDOM_TIMER","PARAMETRIZED_GAUSSIAN_RANDOM_TIMER","POISSON_RANDOM_TIMER","PARAMETRIZED_POISSON_RANDOM_TIMER","UNIFORM_RANDOM_TIMER","PARAMETRIZED_UNIFORM_RANDOM_TIMER","CONSTANT_THROUGHPUT_TIMER","PARAMETRIZED_CONSTANT_THROUGHPUT_TIMER","PRECISE_THROUGHPUT_TIMER","PARAMETRIZED_PRECISE_THROUGHPUT_TIMER","SYNCHRONIZING_TIMER","PARAMETRIZED_SYNCHRONIZING_TIMER","THROUGHPUT_SHAPING_TIMER","JSR_223_TIMER","BEAN_SHELL_TIMER"],"required":true},"label":{"defaultValue":null,"enumValues":[],"required":true},"id":{"defaultValue":null,"enumValues":[],"required":true},"typeDisplayName":{"defaultValue":null,"enumValues":[],"required":false},"lowerLimitMs":{"defaultValue":0,"enumValues":[],"required":true},"enabled":{"defaultValue":true,"enumValues":[],"required":true}}},"Jsr223Timer":{"properties":{"timerType":{"defaultValue":null,"enumValues":["CONSTANT","PARAMETRIZED_CONSTANT","GAUSSIAN_RANDOM_TIMER","PARAMETRIZED_GAUSSIAN_RANDOM_TIMER","POISSON_RANDOM_TIMER","PARAMETRIZED_POISSON_RANDOM_TIMER","UNIFORM_RANDOM_TIMER","PARAMETRIZED_UNIFORM_RANDOM_TIMER","CONSTANT_THROUGHPUT_TIMER","PARAMETRIZED_CONSTANT_THROUGHPUT_TIMER","PRECISE_THROUGHPUT_TIMER","PARAMETRIZED_PRECISE_THROUGHPUT_TIMER","SYNCHRONIZING_TIMER","PARAMETRIZED_SYNCHRONIZING_TIMER","THROUGHPUT_SHAPING_TIMER","JSR_223_TIMER","BEAN_SHELL_TIMER"],"required":true},"cacheCompiledScript":{"defaultValue":true,"enumValues":[],"required":true},"scriptFileId":{"defaultValue":null,"enumValues":[],"required":false},"language":{"defaultValue":"groovy","enumValues":[],"required":true},"label":{"defaultValue":null,"enumValues":[],"required":true},"id":{"defaultValue":null,"enumValues":[],"required":true},"typeDisplayName":{"defaultValue":null,"enumValues":[],"required":false},"parameters":{"defaultValue":null,"enumValues":[],"required":false},"enabled":{"defaultValue":true,"enumValues":[],"required":true},"script":{"defaultValue":null,"enumValues":[],"required":false}}},"DurationAssertion":{"properties":{"applyTo":{"defaultValue":"PARENT","enumValues":["ALL","CHILDREN","VARIABLE","PARENT"],"required":true},"label":{"defaultValue":null,"enumValues":[],"required":true},"id":{"defaultValue":null,"enumValues":[],"required":true},"typeDisplayName":{"defaultValue":null,"enumValues":[],"required":false},"type":{"defaultValue":null,"enumValues":["DURATION","FULL_RESPONSE_SIZE","REQUEST_DATA","REQUEST_HEADERS","RESPONSE_BODY","RESPONSE_BODY_SIZE","RESPONSE_BODY_JSON","RESPONSE_BODY_XPATH2","RESPONSE_CODE","RESPONSE_CODE_SIZE","RESPONSE_HEADERS","RESPONSE_HEADERS_SIZE","RESPONSE_MESSAGE","RESPONSE_MESSAGE_SIZE","RESPONSE_TIKA_EXTRACT","URL_SAMPLED"],"required":true},"value":{"defaultValue":null,"enumValues":[],"required":true},"enabled":{"defaultValue":true,"enumValues":[],"required":true}}},"ResponseHeadersSizeAssertion":{"properties":{"applyTo":{"defaultValue":"PARENT","enumValues":["ALL","CHILDREN","VARIABLE","PARENT"],"required":true},"condition":{"defaultValue":"EQUALS","enumValues":["EQUALS","NOT_EQUALS","GREATER_THAN","LESS_THAN","GREATER_OR_EQUALS","LESS_OR_EQUALS"],"required":true},"applyToVariable":{"defaultValue":null,"enumValues":[],"required":false},"label":{"defaultValue":null,"enumValues":[],"required":true},"id":{"defaultValue":null,"enumValues":[],"required":true},"typeDisplayName":{"defaultValue":null,"enumValues":[],"required":false},"type":{"defaultValue":null,"enumValues":["DURATION","FULL_RESPONSE_SIZE","REQUEST_DATA","REQUEST_HEADERS","RESPONSE_BODY","RESPONSE_BODY_SIZE","RESPONSE_BODY_JSON","RESPONSE_BODY_XPATH2","RESPONSE_CODE","RESPONSE_CODE_SIZE","RESPONSE_HEADERS","RESPONSE_HEADERS_SIZE","RESPONSE_MESSAGE","RESPONSE_MESSAGE_SIZE","RESPONSE_TIKA_EXTRACT","URL_SAMPLED"],"required":true},"value":{"defaultValue":null,"enumValues":[],"required":true},"enabled":{"defaultValue":true,"enumValues":[],"required":true}}},"ParametrizedConstantTimer":{"properties":{"timerType":{"defaultValue":null,"enumValues":["CONSTANT","PARAMETRIZED_CONSTANT","GAUSSIAN_RANDOM_TIMER","PARAMETRIZED_GAUSSIAN_RANDOM_TIMER","POISSON_RANDOM_TIMER","PARAMETRIZED_POISSON_RANDOM_TIMER","UNIFORM_RANDOM_TIMER","PARAMETRIZED_UNIFORM_RANDOM_TIMER","CONSTANT_THROUGHPUT_TIMER","PARAMETRIZED_CONSTANT_THROUGHPUT_TIMER","PRECISE_THROUGHPUT_TIMER","PARAMETRIZED_PRECISE_THROUGHPUT_TIMER","SYNCHRONIZING_TIMER","PARAMETRIZED_SYNCHRONIZING_TIMER","THROUGHPUT_SHAPING_TIMER","JSR_223_TIMER","BEAN_SHELL_TIMER"],"required":true},"label":{"defaultValue":null,"enumValues":[],"required":true},"id":{"defaultValue":null,"enumValues":[],"required":true},"typeDisplayName":{"defaultValue":null,"enumValues":[],"required":false},"durationMs":{"defaultValue":null,"enumValues":[],"required":true},"enabled":{"defaultValue":true,"enumValues":[],"required":true}}},"LoopControllerProperties":{"properties":{"loopCount":{"defaultValue":null,"enumValues":[],"required":false},"infinite":{"defaultValue":false,"enumValues":[],"required":true},"type":{"defaultValue":null,"enumValues":["TRANSACTION","IF","LOOP","WHILE","FOR_EACH"],"required":true}}},"GaussianRandomTimer":{"properties":{"timerType":{"defaultValue":null,"enumValues":["CONSTANT","PARAMETRIZED_CONSTANT","GAUSSIAN_RANDOM_TIMER","PARAMETRIZED_GAUSSIAN_RANDOM_TIMER","POISSON_RANDOM_TIMER","PARAMETRIZED_POISSON_RANDOM_TIMER","UNIFORM_RANDOM_TIMER","PARAMETRIZED_UNIFORM_RANDOM_TIMER","CONSTANT_THROUGHPUT_TIMER","PARAMETRIZED_CONSTANT_THROUGHPUT_TIMER","PRECISE_THROUGHPUT_TIMER","PARAMETRIZED_PRECISE_THROUGHPUT_TIMER","SYNCHRONIZING_TIMER","PARAMETRIZED_SYNCHRONIZING_TIMER","THROUGHPUT_SHAPING_TIMER","JSR_223_TIMER","BEAN_SHELL_TIMER"],"required":true},"label":{"defaultValue":null,"enumValues":[],"required":true},"id":{"defaultValue":null,"enumValues":[],"required":true},"typeDisplayName":{"defaultValue":null,"enumValues":[],"required":false},"meanValueMs":{"defaultValue":300,"enumValues":[],"required":true},"enabled":{"defaultValue":true,"enumValues":[],"required":true},"standardDeviationMs":{"defaultValue":100.0,"enumValues":[],"required":true}}},"Controller":{"properties":{"children":{"defaultValue":null,"enumValues":[],"required":true},"individualProperties":{"defaultValue":null,"enumValues":[],"required":true},"creationIndex":{"defaultValue":null,"enumValues":[],"required":false},"timerList":{"defaultValue":null,"enumValues":[],"required":true},"label":{"defaultValue":null,"enumValues":[],"required":true},"id":{"defaultValue":null,"enumValues":[],"required":true},"typeDisplayName":{"defaultValue":null,"enumValues":[],"required":false},"type":{"defaultValue":null,"enumValues":["CONTROLLER","SAMPLER"],"required":true},"enabled":{"defaultValue":true,"enumValues":[],"required":true}}},"ResponseTikaExtractAssertion":{"properties":{"applyTo":{"defaultValue":"PARENT","enumValues":["ALL","CHILDREN","VARIABLE","PARENT"],"required":true},"condition":{"defaultValue":"SUBSTRING","enumValues":["REGEXP_CONTAINS","REGEXP_MATCHES","EQUALS","SUBSTRING","NOT_REGEXP_CONTAINS","NOT_REGEXP_MATCHES","NOT_EQUALS","NOT_SUBSTRING"],"required":true},"or":{"defaultValue":false,"enumValues":[],"required":true},"customFailureMessage":{"defaultValue":null,"enumValues":[],"required":false},"values":{"defaultValue":null,"enumValues":[],"required":true},"applyToVariable":{"defaultValue":null,"enumValues":[],"required":false},"label":{"defaultValue":null,"enumValues":[],"required":true},"id":{"defaultValue":null,"enumValues":[],"required":true},"typeDisplayName":{"defaultValue":null,"enumValues":[],"required":false},"type":{"defaultValue":null,"enumValues":["DURATION","FULL_RESPONSE_SIZE","REQUEST_DATA","REQUEST_HEADERS","RESPONSE_BODY","RESPONSE_BODY_SIZE","RESPONSE_BODY_JSON","RESPONSE_BODY_XPATH2","RESPONSE_CODE","RESPONSE_CODE_SIZE","RESPONSE_HEADERS","RESPONSE_HEADERS_SIZE","RESPONSE_MESSAGE","RESPONSE_MESSAGE_SIZE","RESPONSE_TIKA_EXTRACT","URL_SAMPLED"],"required":true},"ignoreStatus":{"defaultValue":false,"enumValues":[],"required":true},"enabled":{"defaultValue":true,"enumValues":[],"required":true}}},"XPath2Extractor":{"properties":{"variableName":{"defaultValue":null,"enumValues":[],"required":true},"expression":{"defaultValue":null,"enumValues":[],"required":true},"returnFragmentInsteadOfText":{"defaultValue":false,"enumValues":[],"required":true},"defaultValue":{"defaultValue":null,"enumValues":[],"required":false},"scope":{"defaultValue":"PARENT","enumValues":["ALL","CHILDREN","PARENT","VARIABLE"],"required":true},"namespacesAliases":{"defaultValue":null,"enumValues":[],"required":true},"scopeVariable":{"defaultValue":null,"enumValues":[],"required":false},"label":{"defaultValue":null,"enumValues":[],"required":true},"id":{"defaultValue":null,"enumValues":[],"required":false},"typeDisplayName":{"defaultValue":null,"enumValues":[],"required":false},"type":{"defaultValue":null,"enumValues":["BOUNDARY","JSON","XPATH2","REGEXP"],"required":true},"enabled":{"defaultValue":true,"enumValues":[],"required":true},"matchNumber":{"defaultValue":null,"enumValues":[],"required":true}}},"BoundaryExtractor":{"properties":{"rightBoundary":{"defaultValue":null,"enumValues":[],"required":false},"variableName":{"defaultValue":null,"enumValues":[],"required":true},"defaultValue":{"defaultValue":null,"enumValues":[],"required":false},"leftBoundary":{"defaultValue":null,"enumValues":[],"required":false},"scope":{"defaultValue":"PARENT","enumValues":["ALL","CHILDREN","PARENT","VARIABLE"],"required":true},"scopeVariable":{"defaultValue":null,"enumValues":[],"required":false},"fieldToCheck":{"defaultValue":"BODY","enumValues":["BODY","BODY_UNESCAPED","BODY_AS_DOCUMENT","RESPONSE_HEADERS","REQUEST_HEADERS","URL","RESPONSE_CODE","RESPONSE_MESSAGE"],"required":true},"label":{"defaultValue":null,"enumValues":[],"required":true},"id":{"defaultValue":null,"enumValues":[],"required":false},"typeDisplayName":{"defaultValue":null,"enumValues":[],"required":false},"type":{"defaultValue":null,"enumValues":["BOUNDARY","JSON","XPATH2","REGEXP"],"required":true},"enabled":{"defaultValue":true,"enumValues":[],"required":true},"matchNumber":{"defaultValue":null,"enumValues":[],"required":true}}},"HttpAuthManager":{"properties":{"clearControlledByThreadGroup":{"defaultValue":false,"enumValues":[],"required":true},"authorizations":{"defaultValue":null,"enumValues":[],"required":true},"clearEachIteration":{"defaultValue":false,"enumValues":[],"required":true},"label":{"defaultValue":null,"enumValues":[],"required":true},"id":{"defaultValue":null,"enumValues":[],"required":true},"type":{"defaultValue":null,"enumValues":["HTTP_AUTH_MANAGER","HTTP_COOKIE_MANAGER","HTTP_HEADER_MANAGER","HTTP_REQUEST_DEFAULTS","USER_DEFINED_VARIABLES","RANDOM_CSV_DATASET_CONFIG","CSV_DATASET_CONFIG"],"required":true},"enabled":{"defaultValue":true,"enumValues":[],"required":true}}},"RequestHeadersAssertion":{"properties":{"applyTo":{"defaultValue":"PARENT","enumValues":["ALL","CHILDREN","VARIABLE","PARENT"],"required":true},"condition":{"defaultValue":"SUBSTRING","enumValues":["REGEXP_CONTAINS","REGEXP_MATCHES","EQUALS","SUBSTRING","NOT_REGEXP_CONTAINS","NOT_REGEXP_MATCHES","NOT_EQUALS","NOT_SUBSTRING"],"required":true},"or":{"defaultValue":false,"enumValues":[],"required":true},"customFailureMessage":{"defaultValue":null,"enumValues":[],"required":false},"values":{"defaultValue":null,"enumValues":[],"required":true},"applyToVariable":{"defaultValue":null,"enumValues":[],"required":false},"label":{"defaultValue":null,"enumValues":[],"required":true},"id":{"defaultValue":null,"enumValues":[],"required":true},"typeDisplayName":{"defaultValue":null,"enumValues":[],"required":false},"type":{"defaultValue":null,"enumValues":["DURATION","FULL_RESPONSE_SIZE","REQUEST_DATA","REQUEST_HEADERS","RESPONSE_BODY","RESPONSE_BODY_SIZE","RESPONSE_BODY_JSON","RESPONSE_BODY_XPATH2","RESPONSE_CODE","RESPONSE_CODE_SIZE","RESPONSE_HEADERS","RESPONSE_HEADERS_SIZE","RESPONSE_MESSAGE","RESPONSE_MESSAGE_SIZE","RESPONSE_TIKA_EXTRACT","URL_SAMPLED"],"required":true},"ignoreStatus":{"defaultValue":false,"enumValues":[],"required":true},"enabled":{"defaultValue":true,"enumValues":[],"required":true}}},"ConstantTimer":{"properties":{"timerType":{"defaultValue":null,"enumValues":["CONSTANT","PARAMETRIZED_CONSTANT","GAUSSIAN_RANDOM_TIMER","PARAMETRIZED_GAUSSIAN_RANDOM_TIMER","POISSON_RANDOM_TIMER","PARAMETRIZED_POISSON_RANDOM_TIMER","UNIFORM_RANDOM_TIMER","PARAMETRIZED_UNIFORM_RANDOM_TIMER","CONSTANT_THROUGHPUT_TIMER","PARAMETRIZED_CONSTANT_THROUGHPUT_TIMER","PRECISE_THROUGHPUT_TIMER","PARAMETRIZED_PRECISE_THROUGHPUT_TIMER","SYNCHRONIZING_TIMER","PARAMETRIZED_SYNCHRONIZING_TIMER","THROUGHPUT_SHAPING_TIMER","JSR_223_TIMER","BEAN_SHELL_TIMER"],"required":true},"label":{"defaultValue":null,"enumValues":[],"required":true},"id":{"defaultValue":null,"enumValues":[],"required":true},"typeDisplayName":{"defaultValue":null,"enumValues":[],"required":false},"durationMs":{"defaultValue":300,"enumValues":[],"required":true},"enabled":{"defaultValue":true,"enumValues":[],"required":true}}},"ParametrizedGaussianRandomTimer":{"properties":{"timerType":{"defaultValue":null,"enumValues":["CONSTANT","PARAMETRIZED_CONSTANT","GAUSSIAN_RANDOM_TIMER","PARAMETRIZED_GAUSSIAN_RANDOM_TIMER","POISSON_RANDOM_TIMER","PARAMETRIZED_POISSON_RANDOM_TIMER","UNIFORM_RANDOM_TIMER","PARAMETRIZED_UNIFORM_RANDOM_TIMER","CONSTANT_THROUGHPUT_TIMER","PARAMETRIZED_CONSTANT_THROUGHPUT_TIMER","PRECISE_THROUGHPUT_TIMER","PARAMETRIZED_PRECISE_THROUGHPUT_TIMER","SYNCHRONIZING_TIMER","PARAMETRIZED_SYNCHRONIZING_TIMER","THROUGHPUT_SHAPING_TIMER","JSR_223_TIMER","BEAN_SHELL_TIMER"],"required":true},"label":{"defaultValue":null,"enumValues":[],"required":true},"id":{"defaultValue":null,"enumValues":[],"required":true},"typeDisplayName":{"defaultValue":null,"enumValues":[],"required":false},"meanValueMs":{"defaultValue":null,"enumValues":[],"required":true},"enabled":{"defaultValue":true,"enumValues":[],"required":true},"standardDeviationMs":{"defaultValue":null,"enumValues":[],"required":true}}},"HttpHeaderManager":{"properties":{"headers":{"defaultValue":null,"enumValues":[],"required":true},"label":{"defaultValue":null,"enumValues":[],"required":true},"id":{"defaultValue":null,"enumValues":[],"required":true},"type":{"defaultValue":null,"enumValues":["HTTP_AUTH_MANAGER","HTTP_COOKIE_MANAGER","HTTP_HEADER_MANAGER","HTTP_REQUEST_DEFAULTS","USER_DEFINED_VARIABLES","RANDOM_CSV_DATASET_CONFIG","CSV_DATASET_CONFIG"],"required":true},"enabled":{"defaultValue":true,"enumValues":[],"required":true}}},"ParametrizedSynchronizingTimer":{"properties":{"timerType":{"defaultValue":null,"enumValues":["CONSTANT","PARAMETRIZED_CONSTANT","GAUSSIAN_RANDOM_TIMER","PARAMETRIZED_GAUSSIAN_RANDOM_TIMER","POISSON_RANDOM_TIMER","PARAMETRIZED_POISSON_RANDOM_TIMER","UNIFORM_RANDOM_TIMER","PARAMETRIZED_UNIFORM_RANDOM_TIMER","CONSTANT_THROUGHPUT_TIMER","PARAMETRIZED_CONSTANT_THROUGHPUT_TIMER","PRECISE_THROUGHPUT_TIMER","PARAMETRIZED_PRECISE_THROUGHPUT_TIMER","SYNCHRONIZING_TIMER","PARAMETRIZED_SYNCHRONIZING_TIMER","THROUGHPUT_SHAPING_TIMER","JSR_223_TIMER","BEAN_SHELL_TIMER"],"required":true},"numberOfSimulatedUsersToGroup":{"defaultValue":null,"enumValues":[],"required":true},"timeoutMs":{"defaultValue":null,"enumValues":[],"required":true},"label":{"defaultValue":null,"enumValues":[],"required":true},"id":{"defaultValue":null,"enumValues":[],"required":true},"typeDisplayName":{"defaultValue":null,"enumValues":[],"required":false},"enabled":{"defaultValue":true,"enumValues":[],"required":true}}},"CsvDataSetConfig":{"properties":{"firstLineIsCsvHeader":{"defaultValue":false,"enumValues":[],"required":true},"sharingModeIdentifier":{"defaultValue":null,"enumValues":[],"required":false},"fileEncoding":{"defaultValue":"UTF-8","enumValues":[],"required":true},"sharingMode":{"defaultValue":"ALL_THREADS","enumValues":["ALL_THREADS","CURRENT_THREAD_GROUP","CURRENT_THREAD","IDENTIFIER"],"required":true},"delimiter":{"defaultValue":",","enumValues":[],"required":true},"label":{"defaultValue":null,"enumValues":[],"required":true},"id":{"defaultValue":null,"enumValues":[],"required":true},"rewindOnEndOfList":{"defaultValue":true,"enumValues":[],"required":true},"variablesNames":{"defaultValue":null,"enumValues":[],"required":true},"type":{"defaultValue":null,"enumValues":["HTTP_AUTH_MANAGER","HTTP_COOKIE_MANAGER","HTTP_HEADER_MANAGER","HTTP_REQUEST_DEFAULTS","USER_DEFINED_VARIABLES","RANDOM_CSV_DATASET_CONFIG","CSV_DATASET_CONFIG"],"required":true},"enabled":{"defaultValue":true,"enumValues":[],"required":true},"allowQuotedData":{"defaultValue":false,"enumValues":[],"required":true},"fileId":{"defaultValue":null,"enumValues":[],"required":true}}},"DoubleProperty":{"properties":{"type":{"defaultValue":null,"enumValues":["STRING","LONG","INTEGER","DOUBLE","PARAMETER"],"required":true},"value":{"defaultValue":null,"enumValues":[],"required":true}}}}