{"content":[{"id":14,"teamName":"Нагрузка 5. Группа 4","icon":null,"teamMemberCount":16,"projectCount":37,"testCount":74,"userPermissions":["RUN","VIEW","EDIT","ADMIN","MANAGE_USERS_IN_ORG"],"createAt":"2024-08-19T13:21:34.724Z","updatedAt":"2024-08-19T13:21:34.724Z"}],"pageable":{"sort":{"sorted":false,"unsorted":true,"empty":true},"pageNumber":0,"pageSize":2,"offset":0,"unpaged":false,"paged":true},"last":true,"totalElements":1,"totalPages":1,"first":true,"sort":{"sorted":false,"unsorted":true,"empty":true},"size":2,"number":0,"numberOfElements":1,"empty":false}