{
  "FilterHeaders": [
    {
      "Header": "x-client-date",
      "IncludeInScript": true
    },
    {
      "Header": "user-agent",
      "IncludeInScript": false
    },
    {
      "Header": "upgrade-insecure-requests",
      "IncludeInScript": true
    },
    {
      "Header": "sec-fetch-user",
      "IncludeInScript": true
    },
    {
      "Header": "sec-fetch-site",
      "IncludeInScript": true
    },
    {
      "Header": "sec-fetch-mode",
      "IncludeInScript": true
    },
    {
      "Header": "sec-fetch-dest",
      "IncludeInScript": true
    },
    {
      "Header": "sec-ch-ua-platform",
      "IncludeInScript": true
    },
    {
      "Header": "sec-ch-ua-mobile",
      "IncludeInScript": true
    },
    {
      "Header": "sec-ch-ua",
      "IncludeInScript": true
    },
    {
      "Header": "pragma",
      "IncludeInScript": false
    },
    {
      "Header": "origin",
      "IncludeInScript": true
    },
    {
      "Header": "cache-control",
      "IncludeInScript": false
    },
    {
      "Header": "authorization",
      "IncludeInScript": true
    },
    {
      "Header": "accept-language",
      "IncludeInScript": false
    },
    {
      "Header": "accept-encoding",
      "IncludeInScript": false
    },
    {
      "Header": "accept",
      "IncludeInScript": false
    }
  ],
  "FilterResources": [
    {
      "IsNonResource": true,
      "type": "text/html"
    },
    {
      "IsNonResource": false,
      "type": "text/css"
    },
    {
      "IsNonResource": false,
      "type": "image/svg+xml"
    },
    {
      "IsNonResource": false,
      "type": "image/png"
    },
    {
      "IsNonResource": false,
      "type": "font/woff"
    },
    {
      "IsNonResource": true,
      "type": "application/json"
    },
    {
      "IsNonResource": false,
      "type": "application/javascript"
    }
  ],
  "GeneralInfo": {
    "BrowserVersion": "",
    "IsWinInetMode": false,
    "MaxUsedConnections": 19,
    "RecordedBrowser": "Chrome",
    "RecordingDate": "авг-28-2024",
    "RecordingDuration": 66922,
    "RecordingMode": "N/A",
    "RecordingTimeStamp": 1724841095,
    "RecordingType": "Proxy",
    "TotalBytesReceived": 4264428,
    "TotalBytesSent": 21720,
    "TotalRequests": 19,
    "UserAgent": "Mozilla/5.0 (Windows NT 10.0; Win64; x64) AppleWebKit/537.36 (KHTML, like Gecko) Chrome/128.0.0.0 Safari/537.36 Edg/128.0.0.0"
  },
  "HostInfo": [
    {
      "DomainName": "skype.com",
      "Domains": [
        {
          "HTTPVersion": "HTTP/1.1",
          "IP": "[2603:1063:28:12b::365:7ea3]",
          "IncludeInScript": false,
          "Name": "config.edge.skype.com",
          "Port": 443,
          "Requests": [
            {
              "CompressionType": "",
              "DataType": "application/json",
              "DownloadTime": 15,
              "EventId": 387,
              "HttpStatus": 304,
              "Size": 0,
              "URL": "https://config.edge.skype.com/config/v1/Edge/128.0.2739.42?clientId=-6479097216944046264&agents=EdgeRuntime%2CEdgeRuntimeConfig%2CEdgeDomainActions&osname=win&client=edge&channel=stable&scpfre=0&osarch=x86_64&osver=10.0.22631&wu=1&devicefamily=desktop&uma=1&sessionid=443&mngd=0&installdate=1650197698&edu=0&bphint=2&soobedate=1650197696&fg=1"
            },
            {
              "CompressionType": "",
              "DataType": "application/json",
              "DownloadTime": 15,
              "EventId": 298,
              "HttpStatus": 304,
              "Size": 0,
              "URL": "https://config.edge.skype.com/config/v1/Edge/128.0.2739.42?clientId=-6479097216944046264&agents=Edge%2CEdgeConfig%2CEdgeServices%2CEdgeFirstRun%2CEdgeFirstRunConfig&osname=win&client=edge&channel=stable&scpfre=0&osarch=x86_64&osver=10.0.22631&wu=1&devicefamily=desktop&uma=1&sessionid=443&mngd=0&installdate=1650197698&edu=0&bphint=2&soobedate=1650197696&fg=1"
            }
          ],
          "SSLCipher": "",
          "SSLVersion": "TLS1.2"
        }
      ],
      "IncludeInScript": true
    },
    {
      "DomainName": "pflb.ru",
      "Domains": [
        {
          "HTTPVersion": "HTTP/1.1",
          "IP": "77.50.236.214",
          "IncludeInScript": true,
          "Name": "dev-boomq.pflb.ru",
          "Port": 443,
          "Requests": [
            {
              "CompressionType": "",
              "DataType": "application/json",
              "DownloadTime": 0,
              "EventId": 536,
              "HttpStatus": 200,
              "Size": 531,
              "URL": "https://dev-boomq.pflb.ru/test-runner-srv/testRunner?sort=id,desc"
            },
            {
              "CompressionType": "",
              "DataType": "application/json",
              "DownloadTime": 15,
              "EventId": 522,
              "HttpStatus": 200,
              "Size": 304,
              "URL": "https://dev-boomq.pflb.ru/auth-srv/teamMember/teamContext?teamId=14"
            },
            {
              "CompressionType": "",
              "DataType": "application/json",
              "DownloadTime": 15,
              "EventId": 517,
              "HttpStatus": 200,
              "Size": 584,
              "URL": "https://dev-boomq.pflb.ru/auth-srv/team?page=0&size=5"
            },
            {
              "CompressionType": "",
              "DataType": "application/json",
              "DownloadTime": 0,
              "EventId": 512,
              "HttpStatus": 200,
              "Size": 66848,
              "URL": "https://dev-boomq.pflb.ru/project-srv/modelSchema"
            },
            {
              "CompressionType": "",
              "DataType": "image/svg+xml",
              "DownloadTime": 16,
              "EventId": 507,
              "HttpStatus": 200,
              "Size": 4045,
              "URL": "https://dev-boomq.pflb.ru/static/media/en.b1acfc6b06bfe6e29bfbfc06d09d8177.svg"
            },
            {
              "CompressionType": "",
              "DataType": "application/json",
              "DownloadTime": 32,
              "EventId": 502,
              "HttpStatus": 200,
              "Size": 285,
              "URL": "https://dev-boomq.pflb.ru/config.json"
            },
            {
              "CompressionType": "",
              "DataType": "application/json",
              "DownloadTime": 0,
              "EventId": 497,
              "HttpStatus": 200,
              "Size": 154,
              "URL": "https://dev-boomq.pflb.ru/auth-srv/user"
            },
            {
              "CompressionType": "",
              "DataType": "",
              "DownloadTime": 16,
              "EventId": 493,
              "HttpStatus": 200,
              "Size": 0,
              "URL": "https://dev-boomq.pflb.ru/auth-srv/login"
            },
            {
              "CompressionType": "",
              "DataType": "image/png",
              "DownloadTime": 15,
              "EventId": 400,
              "HttpStatus": 200,
              "Size": 1016,
              "URL": "https://dev-boomq.pflb.ru/favicon.png"
            },
            {
              "CompressionType": "",
              "DataType": "font/woff",
              "DownloadTime": 16,
              "EventId": 372,
              "HttpStatus": 200,
              "Size": 138600,
              "URL": "https://dev-boomq.pflb.ru/static/media/Montserrat-Regular.3db65dc4b858f0fed4fb.woff"
            },
            {
              "CompressionType": "",
              "DataType": "font/woff",
              "DownloadTime": 0,
              "EventId": 367,
              "HttpStatus": 200,
              "Size": 138516,
              "URL": "https://dev-boomq.pflb.ru/static/media/Montserrat-Medium.d42dad28f6470e5162c2.woff"
            },
            {
              "CompressionType": "",
              "DataType": "image/svg+xml",
              "DownloadTime": 15,
              "EventId": 362,
              "HttpStatus": 200,
              "Size": 1861,
              "URL": "https://dev-boomq.pflb.ru/static/media/loading.b59fa25397e07d75b9ac55ace151e625.svg"
            },
            {
              "CompressionType": "",
              "DataType": "font/woff",
              "DownloadTime": 16,
              "EventId": 357,
              "HttpStatus": 200,
              "Size": 138232,
              "URL": "https://dev-boomq.pflb.ru/static/media/Montserrat-SemiBold.197213592de7a2a62e06.woff"
            },
            {
              "CompressionType": "",
              "DataType": "image/svg+xml",
              "DownloadTime": 0,
              "EventId": 352,
              "HttpStatus": 200,
              "Size": 8365,
              "URL": "https://dev-boomq.pflb.ru/static/media/logo.f5ae2890e77693e018920d4ad41c643c.svg"
            },
            {
              "CompressionType": "",
              "DataType": "font/woff",
              "DownloadTime": 0,
              "EventId": 347,
              "HttpStatus": 200,
              "Size": 138900,
              "URL": "https://dev-boomq.pflb.ru/static/media/Montserrat-Bold.180ba33d8de7dcfe80a0.woff"
            },
            {
              "CompressionType": "",
              "DataType": "application/javascript",
              "DownloadTime": 0,
              "EventId": 327,
              "HttpStatus": 200,
              "Size": 3435354,
              "URL": "https://dev-boomq.pflb.ru/static/js/main.cddf1824.js"
            },
            {
              "CompressionType": "",
              "DataType": "text/css",
              "DownloadTime": 16,
              "EventId": 322,
              "HttpStatus": 200,
              "Size": 189344,
              "URL": "https://dev-boomq.pflb.ru/static/css/main.64a4c65b.css"
            },
            {
              "CompressionType": "",
              "DataType": "text/html",
              "DownloadTime": 15,
              "EventId": 302,
              "HttpStatus": 200,
              "Size": 1489,
              "URL": "https://dev-boomq.pflb.ru/"
            }
          ],
          "SSLCipher": "",
          "SSLVersion": "TLS1.2"
        }
      ],
      "IncludeInScript": true
    },
    {
      "DomainName": "office.com",
      "Domains": [
        {
          "HTTPVersion": "HTTP/1.1",
          "IP": "[2603:1026:c0d:75::2]",
          "IncludeInScript": false,
          "Name": "substrate.office.com",
          "Port": 443,
          "Requests": [
            {
              "CompressionType": "",
              "DataType": "application/json",
              "DownloadTime": 0,
              "EventId": 448,
              "HttpStatus": 200,
              "Size": 4422,
              "URL": "https://substrate.office.com/profileb2/v2.0/me/V1Profile"
            },
            {
              "CompressionType": "",
              "DataType": "application/json",
              "DownloadTime": 16,
              "EventId": 409,
              "HttpStatus": 200,
              "Size": 4424,
              "URL": "https://substrate.office.com/profileb2/v2.0/me/V1Profile"
            }
          ],
          "SSLCipher": "",
          "SSLVersion": "TLS1.2"
        }
      ],
      "IncludeInScript": true
    },
    {
      "DomainName": "microsoftapp.net",
      "Domains": [
        {
          "HTTPVersion": "HTTP/1.1",
          "IP": "[2620:1ec:bdf::45]",
          "IncludeInScript": true,
          "Name": "static.edge.microsoftapp.net",
          "Port": 443,
          "Requests": [
            {
              "CompressionType": "",
              "DataType": "application/json",
              "DownloadTime": 0,
              "EventId": 532,
              "HttpStatus": 200,
              "Size": 0,
              "URL": "https://static.edge.microsoftapp.net/default/cloud_config_observers.json"
            }
          ],
          "SSLCipher": "",
          "SSLVersion": "TLS1.2"
        }
      ],
      "IncludeInScript": true
    },
    {
      "DomainName": "microsoft.com",
      "Domains": [
        {
          "HTTPVersion": "HTTP/1.1",
          "IP": "[2603:1026:3000:28::82]",
          "IncludeInScript": false,
          "Name": "graph.microsoft.com",
          "Port": 443,
          "Requests": [
            {
              "CompressionType": "gzip",
              "DataType": "application/json",
              "DownloadTime": 16,
              "EventId": 468,
              "HttpStatus": 200,
              "Size": 376,
              "URL": "https://graph.microsoft.com/beta/me/settings/regionalAndLanguageSettings"
            }
          ],
          "SSLCipher": "",
          "SSLVersion": "TLS1.2"
        },
        {
          "HTTPVersion": "HTTP/1.1",
          "IP": "[2620:1ec:c11::239]",
          "IncludeInScript": false,
          "Name": "edge.microsoft.com",
          "Port": 443,
          "Requests": [
            {
              "CompressionType": "",
              "DataType": "application/json",
              "DownloadTime": 0,
              "EventId": 541,
              "HttpStatus": 200,
              "Size": 20,
              "URL": "https://edge.microsoft.com/autofillservice/core/page/-5404104625039984836/-4776165001487966812"
            },
            {
              "CompressionType": "gzip",
              "DataType": "application/json",
              "DownloadTime": 0,
              "EventId": 527,
              "HttpStatus": 200,
              "Size": 2157,
              "URL": "https://edge.microsoft.com/componentupdater/api/v1/update?cup2key=7:Ae8Y-tQ9qQbhZVzSs3rHyRsJztuJRMwQgxllCayM98M&cup2hreq=052e1e19a3d4e50ed2de1e8c640022b8ad387d2ef457bb360ffcdbeb29e310cb"
            },
            {
              "CompressionType": "gzip",
              "DataType": "application/octet-stream",
              "DownloadTime": 15,
              "EventId": 488,
              "HttpStatus": 200,
              "Size": 1129,
              "URL": "https://edge.microsoft.com/sync/v1/feeds/me/syncEntities/command/?client=Chromium&client_id=npYHDLtIgXd6VjHRZ3BkOw%3D%3D"
            },
            {
              "CompressionType": "gzip",
              "DataType": "application/octet-stream",
              "DownloadTime": 0,
              "EventId": 483,
              "HttpStatus": 200,
              "Size": 104,
              "URL": "https://edge.microsoft.com/sync/v1/feeds/me/syncEntities/command/?client=Chromium&client_id=npYHDLtIgXd6VjHRZ3BkOw%3D%3D"
            },
            {
              "CompressionType": "gzip",
              "DataType": "application/octet-stream",
              "DownloadTime": 16,
              "EventId": 478,
              "HttpStatus": 200,
              "Size": 189,
              "URL": "https://edge.microsoft.com/sync/v1/feeds/me/syncEntities/command/?client=Chromium&client_id=npYHDLtIgXd6VjHRZ3BkOw%3D%3D"
            },
            {
              "CompressionType": "gzip",
              "DataType": "application/octet-stream",
              "DownloadTime": 15,
              "EventId": 473,
              "HttpStatus": 200,
              "Size": 375,
              "URL": "https://edge.microsoft.com/sync/v1/feeds/me/syncEntities/command/?client=Chromium&client_id=npYHDLtIgXd6VjHRZ3BkOw%3D%3D"
            },
            {
              "CompressionType": "gzip",
              "DataType": "application/octet-stream",
              "DownloadTime": 16,
              "EventId": 463,
              "HttpStatus": 200,
              "Size": 104,
              "URL": "https://edge.microsoft.com/sync/v1/feeds/me/syncEntities/command/?client=Chromium&client_id=npYHDLtIgXd6VjHRZ3BkOw%3D%3D"
            },
            {
              "CompressionType": "",
              "DataType": "text/xml",
              "DownloadTime": 0,
              "EventId": 458,
              "HttpStatus": 200,
              "Size": 413,
              "URL": "https://edge.microsoft.com/extensionwebstorebase/v1/crx?os=win&arch=x64&os_arch=x86_64&nacl_arch=x86-64&prod=edgecrx&prodchannel=&prodversion=128.0.2739.42&lang=ru&acceptformat=crx3,puff&x=id%3Djmjflgjpcpepeafmmgdpfkogkghcpiha%26v%3D1.2.1%26installedby%3Dother%26uc"
            },
            {
              "CompressionType": "gzip",
              "DataType": "application/octet-stream",
              "DownloadTime": 0,
              "EventId": 443,
              "HttpStatus": 200,
              "Size": 190,
              "URL": "https://edge.microsoft.com/sync/v1/feeds/me/syncEntities/command/?client=Chromium&client_id=npYHDLtIgXd6VjHRZ3BkOw%3D%3D"
            },
            {
              "CompressionType": "",
              "DataType": "application/json",
              "DownloadTime": 0,
              "EventId": 433,
              "HttpStatus": 200,
              "Size": 271,
              "URL": "https://edge.microsoft.com/entityextractiontemplates/api/v1/assets/find-assets?name=arbitration_priority_list&version=16.*.*&channel=stable&key=d414dd4f9db345fa8003e32adc81b362"
            },
            {
              "CompressionType": "gzip",
              "DataType": "application/json",
              "DownloadTime": 16,
              "EventId": 424,
              "HttpStatus": 304,
              "Size": 0,
              "URL": "https://edge.microsoft.com/abusiveadblocking/api/v1/blocklist"
            },
            {
              "CompressionType": "gzip",
              "DataType": "application/json",
              "DownloadTime": 0,
              "EventId": 419,
              "HttpStatus": 201,
              "Size": 521,
              "URL": "https://edge.microsoft.com/sync/v2/feeds/me/subscriptions"
            },
            {
              "CompressionType": "",
              "DataType": "",
              "DownloadTime": 16,
              "EventId": 405,
              "HttpStatus": 429,
              "Size": 0,
              "URL": "https://edge.microsoft.com/passwordbreach/api/v3/query?key=d414dd4f9db345fa8003e32adc81b362"
            },
            {
              "CompressionType": "",
              "DataType": "",
              "DownloadTime": 16,
              "EventId": 396,
              "HttpStatus": 429,
              "Size": 0,
              "URL": "https://edge.microsoft.com/passwordbreach/api/v3/query?key=d414dd4f9db345fa8003e32adc81b362"
            },
            {
              "CompressionType": "",
              "DataType": "application/json",
              "DownloadTime": 0,
              "EventId": 382,
              "HttpStatus": 200,
              "Size": 20,
              "URL": "https://edge.microsoft.com/autofillservice/core/page/-5404104625039984836/8066415539964960608"
            },
            {
              "CompressionType": "gzip",
              "DataType": "text/plain",
              "DownloadTime": 0,
              "EventId": 342,
              "HttpStatus": 200,
              "Size": 342,
              "URL": "https://edge.microsoft.com/passwordbreach/api/v3/prequery?key=d414dd4f9db345fa8003e32adc81b362"
            },
            {
              "CompressionType": "gzip",
              "DataType": "text/plain",
              "DownloadTime": 16,
              "EventId": 337,
              "HttpStatus": 200,
              "Size": 342,
              "URL": "https://edge.microsoft.com/passwordbreach/api/v3/prequery?key=d414dd4f9db345fa8003e32adc81b362"
            },
            {
              "CompressionType": "",
              "DataType": "application/json",
              "DownloadTime": 15,
              "EventId": 312,
              "HttpStatus": 200,
              "Size": 4028,
              "URL": "https://edge.microsoft.com/identity/api/v3/msa"
            },
            {
              "CompressionType": "",
              "DataType": "application/json",
              "DownloadTime": 0,
              "EventId": 307,
              "HttpStatus": 200,
              "Size": 1682,
              "URL": "https://edge.microsoft.com/serviceexperimentation/v3/?osname=win&channel=stable&osver=10.0.22631&devicefamily=desktop&installdate=1650197698&clientversion=128.0.2739.42&experimentationmode=2&scpguard=1&scpfull=1&scpver=4"
            }
          ],
          "SSLCipher": "",
          "SSLVersion": "TLS1.2"
        },
        {
          "HTTPVersion": "HTTP/1.1",
          "IP": "[2620:1ec:c11::237]",
          "IncludeInScript": false,
          "Name": "copilot.microsoft.com",
          "Port": 443,
          "Requests": [
            {
              "CompressionType": "gzip",
              "DataType": "text/html",
              "DownloadTime": 0,
              "EventId": 391,
              "HttpStatus": 200,
              "Size": 42,
              "URL": "https://copilot.microsoft.com/fd/auth/signin?&action=header&provider=windows_live_id&save_token=0"
            }
          ],
          "SSLCipher": "",
          "SSLVersion": "TLS1.2"
        }
      ],
      "IncludeInScript": true
    },
    {
      "DomainName": "googleapis.com",
      "Domains": [
        {
          "HTTPVersion": "HTTP/1.1",
          "IP": "[2a00:1450:4008:806::2003]",
          "IncludeInScript": false,
          "Name": "update.googleapis.com",
          "Port": 443,
          "Requests": [
            {
              "CompressionType": "gzip",
              "DataType": "application/json",
              "DownloadTime": 0,
              "EventId": 453,
              "HttpStatus": 200,
              "Size": 257,
              "URL": "https://update.googleapis.com/service/update2/json?cup2key=14:nU7hhnIk0duzxbYIqMfa7NjOpAdA20e1dkmWpOxLSGc&cup2hreq=ab28481f5bad02986a6c136b9125eec07a07537ced4dae853ab60a875d8c5633"
            }
          ],
          "SSLCipher": "",
          "SSLVersion": "TLS1.2"
        }
      ],
      "IncludeInScript": true
    },
    {
      "DomainName": "bing.com",
      "Domains": [
        {
          "HTTPVersion": "HTTP/1.1",
          "IP": "[2a02:26f0:d8::1740:c58]",
          "IncludeInScript": false,
          "Name": "www.bing.com",
          "Port": 443,
          "Requests": [
            {
              "CompressionType": "gzip",
              "DataType": "application/json",
              "DownloadTime": 0,
              "EventId": 438,
              "HttpStatus": 200,
              "Size": 28,
              "URL": "https://www.bing.com/api/shopping/v1/user/shoppingsettings"
            },
            {
              "CompressionType": "gzip",
              "DataType": "application/json",
              "DownloadTime": 15,
              "EventId": 428,
              "HttpStatus": 200,
              "Size": 28,
              "URL": "https://www.bing.com/api/shopping/v1/user/shoppingsettings"
            },
            {
              "CompressionType": "",
              "DataType": "application/json",
              "DownloadTime": 0,
              "EventId": 414,
              "HttpStatus": 200,
              "Size": 81,
              "URL": "https://www.bing.com/api/shopping/v1/savings/rewards/rewardsUserInfo"
            },
            {
              "CompressionType": "gzip",
              "DataType": "text/html",
              "DownloadTime": 0,
              "EventId": 377,
              "HttpStatus": 200,
              "Size": 42,
              "URL": "https://www.bing.com/fd/auth/signin?&action=header&provider=windows_live_id&save_token=0"
            },
            {
              "CompressionType": "",
              "DataType": "application/json",
              "DownloadTime": 0,
              "EventId": 332,
              "HttpStatus": 200,
              "Size": 635571,
              "URL": "https://www.bing.com/bloomfilterfiles/ExpandedDomainsFilterGlobal.json"
            },
            {
              "CompressionType": "",
              "DataType": "application/json",
              "DownloadTime": 16,
              "EventId": 317,
              "HttpStatus": 200,
              "Size": 81,
              "URL": "https://www.bing.com/api/shopping/v1/savings/rewards/rewardsUserInfo"
            }
          ],
          "SSLCipher": "",
          "SSLVersion": "TLS1.2"
        }
      ],
      "IncludeInScript": true
    }
  ],
  "WebSocket": {
    "IncludeInScript": false,
    "IsScriptIncludeWebSocket": false
  },
  "NumberOfCorrelations": 0
}