{
  "FilterHeaders": [
    {
      "Header": "user-agent",
      "IncludeInScript": false
    },
    {
      "Header": "sec-fetch-site",
      "IncludeInScript": true
    },
    {
      "Header": "sec-fetch-mode",
      "IncludeInScript": true
    },
    {
      "Header": "sec-fetch-dest",
      "IncludeInScript": true
    },
    {
      "Header": "sec-ch-ua-platform",
      "IncludeInScript": true
    },
    {
      "Header": "sec-ch-ua-mobile",
      "IncludeInScript": true
    },
    {
      "Header": "sec-ch-ua",
      "IncludeInScript": true
    },
    {
      "Header": "authorization",
      "IncludeInScript": true
    },
    {
      "Header": "accept-language",
      "IncludeInScript": false
    },
    {
      "Header": "accept-encoding",
      "IncludeInScript": false
    },
    {
      "Header": "accept",
      "IncludeInScript": false
    }
  ],
  "FilterResources": [
    {
      "IsNonResource": true,
      "type": "application/json"
    }
  ],
  "GeneralInfo": {
    "BrowserVersion": "",
    "IsWinInetMode": false,
    "MaxUsedConnections": 6,
    "RecordedBrowser": "Chrome",
    "RecordingDate": "???-29-2024",
    "RecordingDuration": 9344,
    "RecordingMode": "N/A",
    "RecordingTimeStamp": 1724917589,
    "RecordingType": "Proxy",
    "TotalBytesReceived": 68106,
    "TotalBytesSent": 13933,
    "TotalRequests": 6,
    "UserAgent": "Mozilla/5.0 (Windows NT 10.0; Win64; x64) AppleWebKit/537.36 (KHTML, like Gecko) Chrome/128.0.0.0 Safari/537.36"
  },
  "HostInfo": [
    {
      "DomainName": "pflb.ru",
      "Domains": [
        {
          "HTTPVersion": "HTTP/1.1",
          "IP": "77.50.236.214",
          "IncludeInScript": true,
          "Name": "dev-boomq.pflb.ru",
          "Port": 443,
          "Requests": [
            {
              "CompressionType": "",
              "DataType": "application/json",
              "DownloadTime": 0,
              "EventId": 72,
              "HttpStatus": 200,
              "Size": 531,
              "URL": "https://dev-boomq.pflb.ru/test-runner-srv/testRunner?sort=id,desc"
            },
            {
              "CompressionType": "",
              "DataType": "application/json",
              "DownloadTime": 15,
              "EventId": 62,
              "HttpStatus": 200,
              "Size": 302,
              "URL": "https://dev-boomq.pflb.ru/auth-srv/teamMember/teamContext?teamId=14"
            },
            {
              "CompressionType": "",
              "DataType": "application/json",
              "DownloadTime": 0,
              "EventId": 52,
              "HttpStatus": 200,
              "Size": 66848,
              "URL": "https://dev-boomq.pflb.ru/project-srv/modelSchema"
            },
            {
              "CompressionType": "",
              "DataType": "application/json",
              "DownloadTime": 0,
              "EventId": 47,
              "HttpStatus": 200,
              "Size": 271,
              "URL": "https://dev-boomq.pflb.ru/auth-srv/team/14"
            },
            {
              "CompressionType": "",
              "DataType": "application/json",
              "DownloadTime": 0,
              "EventId": 42,
              "HttpStatus": 200,
              "Size": 2,
              "URL": "https://dev-boomq.pflb.ru/auth-srv/identityProvider"
            },
            {
              "CompressionType": "",
              "DataType": "application/json",
              "DownloadTime": 0,
              "EventId": 17,
              "HttpStatus": 200,
              "Size": 152,
              "URL": "https://dev-boomq.pflb.ru/auth-srv/user"
            }
          ],
          "SSLCipher": "",
          "SSLVersion": "TLS1.2"
        }
      ],
      "IncludeInScript": true
    },
    {
      "DomainName": "googleapis.com",
      "Domains": [
        {
          "HTTPVersion": "HTTP/1.1",
          "IP": "173.194.73.95",
          "IncludeInScript": false,
          "Name": "www.googleapis.com",
          "Port": 443,
          "Requests": [
            {
              "CompressionType": "gzip",
              "DataType": "application/json",
              "DownloadTime": 0,
              "EventId": 32,
              "HttpStatus": 200,
              "Size": 399,
              "URL": "https://www.googleapis.com/oauth2/v4/token"
            }
          ],
          "SSLCipher": "",
          "SSLVersion": "TLS1.2"
        },
        {
          "HTTPVersion": "HTTP/1.1",
          "IP": "142.250.150.94",
          "IncludeInScript": false,
          "Name": "update.googleapis.com",
          "Port": 443,
          "Requests": [
            {
              "CompressionType": "gzip",
              "DataType": "application/json",
              "DownloadTime": 0,
              "EventId": 37,
              "HttpStatus": 200,
              "Size": 303,
              "URL": "https://update.googleapis.com/service/update2/json?cup2key=14:VgxQ88IN4QAsDCNeeBPKez5St85Il4j9032lFifgj2w&cup2hreq=77994c3b26929f147170f1c3bc11f6bc01b5b27d4e7039022a7a2acb0a2a09b2"
            }
          ],
          "SSLCipher": "",
          "SSLVersion": "TLS1.2"
        },
        {
          "HTTPVersion": "HTTP/1.1",
          "IP": "173.194.220.95",
          "IncludeInScript": false,
          "Name": "optimizationguide-pa.googleapis.com",
          "Port": 443,
          "Requests": [
            {
              "CompressionType": "gzip",
              "DataType": "application/x-protobuf",
              "DownloadTime": 0,
              "EventId": 87,
              "HttpStatus": 200,
              "Size": 2695,
              "URL": "https://optimizationguide-pa.googleapis.com/v1:GetModels?key=AIzaSyBOti4mM-6x9WDnZIjIeyEU21OpBXqWBgw"
            },
            {
              "CompressionType": "gzip",
              "DataType": "application/x-protobuf",
              "DownloadTime": 0,
              "EventId": 67,
              "HttpStatus": 200,
              "Size": 206,
              "URL": "https://optimizationguide-pa.googleapis.com/v1:GetHints?"
            },
            {
              "CompressionType": "gzip",
              "DataType": "application/x-protobuf",
              "DownloadTime": 0,
              "EventId": 57,
              "HttpStatus": 200,
              "Size": 197,
              "URL": "https://optimizationguide-pa.googleapis.com/v1:GetHints?"
            },
            {
              "CompressionType": "gzip",
              "DataType": "application/x-protobuf",
              "DownloadTime": 0,
              "EventId": 12,
              "HttpStatus": 200,
              "Size": 199,
              "URL": "https://optimizationguide-pa.googleapis.com/v1:GetHints?"
            },
            {
              "CompressionType": "gzip",
              "DataType": "application/x-protobuf",
              "DownloadTime": 15,
              "EventId": 7,
              "HttpStatus": 200,
              "Size": 190,
              "URL": "https://optimizationguide-pa.googleapis.com/v1:GetHints?"
            }
          ],
          "SSLCipher": "",
          "SSLVersion": "TLS1.2"
        },
        {
          "HTTPVersion": "HTTP/1.1",
          "IP": "64.233.162.94",
          "IncludeInScript": false,
          "Name": "clientservices.googleapis.com",
          "Port": 443,
          "Requests": [
            {
              "CompressionType": "",
              "DataType": "",
              "DownloadTime": 0,
              "EventId": 3,
              "HttpStatus": 304,
              "Size": 0,
              "URL": "https://clientservices.googleapis.com/chrome-variations/seed?osname=win&channel=stable&milestone=128"
            }
          ],
          "SSLCipher": "",
          "SSLVersion": "TLS1.2"
        }
      ],
      "IncludeInScript": true
    },
    {
      "DomainName": "google.com",
      "Domains": [
        {
          "HTTPVersion": "HTTP/1.1",
          "IP": "173.194.73.101",
          "IncludeInScript": false,
          "Name": "clients4.google.com",
          "Port": 443,
          "Requests": [
            {
              "CompressionType": "gzip",
              "DataType": "application/vnd.google.octet-stream-compressible",
              "DownloadTime": 0,
              "EventId": 82,
              "HttpStatus": 200,
              "Size": 665,
              "URL": "https://clients4.google.com/chrome-sync/command/?client=Google+Chrome&client_id=YW9IS4OXnBDf0ccfIN5%2BaA%3D%3D"
            },
            {
              "CompressionType": "gzip",
              "DataType": "application/vnd.google.octet-stream-compressible",
              "DownloadTime": 0,
              "EventId": 77,
              "HttpStatus": 200,
              "Size": 3182,
              "URL": "https://clients4.google.com/chrome-sync/command/?client=Google+Chrome&client_id=YW9IS4OXnBDf0ccfIN5%2BaA%3D%3D"
            }
          ],
          "SSLCipher": "",
          "SSLVersion": "TLS1.2"
        },
        {
          "HTTPVersion": "HTTP/1.1",
          "IP": "173.194.73.101",
          "IncludeInScript": false,
          "Name": "clients2.google.com",
          "Port": 443,
          "Requests": [
            {
              "CompressionType": "gzip",
              "DataType": "text/xml",
              "DownloadTime": 0,
              "EventId": 22,
              "HttpStatus": 200,
              "Size": 337,
              "URL": "https://clients2.google.com/service/update2/crx?os=win&arch=x64&os_arch=x86_64&nacl_arch=x86-64&prod=chromecrx&prodchannel=&prodversion=128.0.6613.85&lang=ru&acceptformat=crx3,puff&x=id%3Dcffjjlhdhdcmaailglcedackabgpjbfa%26v%3D0.0.0.0%26installedby%3Dinternal%26uc%26ping%3Dr%253D3%2526e%253D0%2526dr%253D1&x=id%3Dgekjjfhbnbhfgmnmkocnnfapjpdcpbok%26v%3D0.0.0.0%26installedby%3Dinternal%26uc%26ping%3Dr%253D3%2526e%253D1&x=id%3Dmgndgikekgjfcpckkfioiadnlibdjbkf%26v%3D0.0.0.0%26installedby%3Dinternal%26uc%26ping%3Dr%253D1%2526e%253D1"
            }
          ],
          "SSLCipher": "",
          "SSLVersion": "TLS1.2"
        },
        {
          "HTTPVersion": "HTTP/1.1",
          "IP": "173.194.220.84",
          "IncludeInScript": false,
          "Name": "accounts.google.com",
          "Port": 443,
          "Requests": [
            {
              "CompressionType": "gzip",
              "DataType": "application/json",
              "DownloadTime": 0,
              "EventId": 27,
              "HttpStatus": 200,
              "Size": 252,
              "URL": "https://accounts.google.com/ListAccounts?gpsia=1&source=ChromiumBrowser&json=standard"
            }
          ],
          "SSLCipher": "",
          "SSLVersion": "TLS1.2"
        }
      ],
      "IncludeInScript": true
    }
  ],
  "WebSocket": {
    "IncludeInScript": false,
    "IsScriptIncludeWebSocket": false
  },
  "NumberOfCorrelations": 0
}