{
  "FilterHeaders": [
    {
      "Header": "user-agent",
      "IncludeInScript": false
    },
    {
      "Header": "upgrade-insecure-requests",
      "IncludeInScript": true
    },
    {
      "Header": "sec-fetch-user",
      "IncludeInScript": true
    },
    {
      "Header": "sec-fetch-site",
      "IncludeInScript": true
    },
    {
      "Header": "sec-fetch-mode",
      "IncludeInScript": true
    },
    {
      "Header": "sec-fetch-dest",
      "IncludeInScript": true
    },
    {
      "Header": "sec-ch-ua-platform",
      "IncludeInScript": true
    },
    {
      "Header": "sec-ch-ua-mobile",
      "IncludeInScript": true
    },
    {
      "Header": "sec-ch-ua",
      "IncludeInScript": true
    },
    {
      "Header": "origin",
      "IncludeInScript": true
    },
    {
      "Header": "accept-language",
      "IncludeInScript": false
    },
    {
      "Header": "accept-encoding",
      "IncludeInScript": false
    },
    {
      "Header": "accept",
      "IncludeInScript": false
    }
  ],
  "FilterResources": [
    {
      "IsNonResource": true,
      "type": "text/html"
    },
    {
      "IsNonResource": false,
      "type": "text/css"
    },
    {
      "IsNonResource": false,
      "type": "image/svg+xml"
    },
    {
      "IsNonResource": false,
      "type": "image/png"
    },
    {
      "IsNonResource": false,
      "type": "font/woff"
    },
    {
      "IsNonResource": false,
      "type": "application/javascript"
    }
  ],
  "GeneralInfo": {
    "BrowserVersion": "",
    "IsWinInetMode": false,
    "MaxUsedConnections": 10,
    "RecordedBrowser": "Chrome",
    "RecordingDate": "сен-02-2024",
    "RecordingDuration": 30484,
    "RecordingMode": "N/A",
    "RecordingTimeStamp": 1725272962,
    "RecordingType": "Proxy",
    "TotalBytesReceived": 4191677,
    "TotalBytesSent": 6279,
    "TotalRequests": 10,
    "UserAgent": "Mozilla/5.0 (Windows NT 10.0; Win64; x64) AppleWebKit/537.36 (KHTML, like Gecko) Chrome/128.0.0.0 Safari/537.36 Edg/128.0.0.0"
  },
  "HostInfo": [
    {
      "DomainName": "pflb.ru",
      "Domains": [
        {
          "HTTPVersion": "HTTP/1.1",
          "IP": "77.50.236.214",
          "IncludeInScript": true,
          "Name": "dev-boomq.pflb.ru",
          "Port": 443,
          "Requests": [
            {
              "CompressionType": "",
              "DataType": "image/png",
              "DownloadTime": 15,
              "EventId": 97,
              "HttpStatus": 200,
              "Size": 1016,
              "URL": "https://dev-boomq.pflb.ru/favicon.png"
            },
            {
              "CompressionType": "",
              "DataType": "font/woff",
              "DownloadTime": 0,
              "EventId": 87,
              "HttpStatus": 200,
              "Size": 138516,
              "URL": "https://dev-boomq.pflb.ru/static/media/Montserrat-Medium.d42dad28f6470e5162c2.woff"
            },
            {
              "CompressionType": "",
              "DataType": "font/woff",
              "DownloadTime": 15,
              "EventId": 82,
              "HttpStatus": 200,
              "Size": 138900,
              "URL": "https://dev-boomq.pflb.ru/static/media/Montserrat-Bold.180ba33d8de7dcfe80a0.woff"
            },
            {
              "CompressionType": "",
              "DataType": "font/woff",
              "DownloadTime": 15,
              "EventId": 77,
              "HttpStatus": 200,
              "Size": 138600,
              "URL": "https://dev-boomq.pflb.ru/static/media/Montserrat-Regular.3db65dc4b858f0fed4fb.woff"
            },
            {
              "CompressionType": "",
              "DataType": "font/woff",
              "DownloadTime": 16,
              "EventId": 72,
              "HttpStatus": 200,
              "Size": 138232,
              "URL": "https://dev-boomq.pflb.ru/static/media/Montserrat-SemiBold.197213592de7a2a62e06.woff"
            },
            {
              "CompressionType": "",
              "DataType": "image/svg+xml",
              "DownloadTime": 15,
              "EventId": 67,
              "HttpStatus": 200,
              "Size": 8365,
              "URL": "https://dev-boomq.pflb.ru/static/media/logo.f5ae2890e77693e018920d4ad41c643c.svg"
            },
            {
              "CompressionType": "",
              "DataType": "image/svg+xml",
              "DownloadTime": 16,
              "EventId": 62,
              "HttpStatus": 200,
              "Size": 1861,
              "URL": "https://dev-boomq.pflb.ru/static/media/loading.b59fa25397e07d75b9ac55ace151e625.svg"
            },
            {
              "CompressionType": "",
              "DataType": "application/javascript",
              "DownloadTime": 16,
              "EventId": 38,
              "HttpStatus": 200,
              "Size": 3435354,
              "URL": "https://dev-boomq.pflb.ru/static/js/main.cddf1824.js"
            },
            {
              "CompressionType": "",
              "DataType": "text/css",
              "DownloadTime": 0,
              "EventId": 28,
              "HttpStatus": 200,
              "Size": 189344,
              "URL": "https://dev-boomq.pflb.ru/static/css/main.64a4c65b.css"
            },
            {
              "CompressionType": "",
              "DataType": "text/html",
              "DownloadTime": 0,
              "EventId": 3,
              "HttpStatus": 200,
              "Size": 1489,
              "URL": "https://dev-boomq.pflb.ru/"
            }
          ],
          "SSLCipher": "",
          "SSLVersion": "TLS1.2"
        }
      ],
      "IncludeInScript": true
    },
    {
      "DomainName": "office.com",
      "Domains": [
        {
          "HTTPVersion": "HTTP/1.1",
          "IP": "[2603:1026:c0d:c29::2]",
          "IncludeInScript": false,
          "Name": "substrate.office.com",
          "Port": 443,
          "Requests": [
            {
              "CompressionType": "",
              "DataType": "application/json",
              "DownloadTime": 16,
              "EventId": 135,
              "HttpStatus": 200,
              "Size": 4422,
              "URL": "https://substrate.office.com/profileb2/v2.0/me/V1Profile"
            },
            {
              "CompressionType": "",
              "DataType": "application/json",
              "DownloadTime": 0,
              "EventId": 106,
              "HttpStatus": 200,
              "Size": 4422,
              "URL": "https://substrate.office.com/profileb2/v2.0/me/V1Profile"
            }
          ],
          "SSLCipher": "",
          "SSLVersion": "TLS1.2"
        }
      ],
      "IncludeInScript": true
    },
    {
      "DomainName": "microsoft.com",
      "Domains": [
        {
          "HTTPVersion": "HTTP/1.1",
          "IP": "20.93.72.182",
          "IncludeInScript": false,
          "Name": "nav-edge.smartscreen.microsoft.com",
          "Port": 443,
          "Requests": [
            {
              "CompressionType": "",
              "DataType": "application/json",
              "DownloadTime": 0,
              "EventId": 18,
              "HttpStatus": 200,
              "Size": 798,
              "URL": "https://nav-edge.smartscreen.microsoft.com/api/browser/edge/navigate/3"
            }
          ],
          "SSLCipher": "",
          "SSLVersion": "TLS1.2"
        },
        {
          "HTTPVersion": "HTTP/1.1",
          "IP": "[2603:1026:3000:28::83]",
          "IncludeInScript": false,
          "Name": "graph.microsoft.com",
          "Port": 443,
          "Requests": [
            {
              "CompressionType": "gzip",
              "DataType": "application/json",
              "DownloadTime": 0,
              "EventId": 160,
              "HttpStatus": 200,
              "Size": 376,
              "URL": "https://graph.microsoft.com/beta/me/settings/regionalAndLanguageSettings"
            }
          ],
          "SSLCipher": "",
          "SSLVersion": "TLS1.2"
        },
        {
          "HTTPVersion": "HTTP/1.1",
          "IP": "[2620:1ec:12::239]",
          "IncludeInScript": false,
          "Name": "edge.microsoft.com",
          "Port": 443,
          "Requests": [
            {
              "CompressionType": "gzip",
              "DataType": "application/octet-stream",
              "DownloadTime": 16,
              "EventId": 185,
              "HttpStatus": 200,
              "Size": 1128,
              "URL": "https://edge.microsoft.com/sync/v1/feeds/me/syncEntities/command/?client=Chromium&client_id=npYHDLtIgXd6VjHRZ3BkOw%3D%3D"
            },
            {
              "CompressionType": "gzip",
              "DataType": "application/octet-stream",
              "DownloadTime": 0,
              "EventId": 180,
              "HttpStatus": 200,
              "Size": 104,
              "URL": "https://edge.microsoft.com/sync/v1/feeds/me/syncEntities/command/?client=Chromium&client_id=npYHDLtIgXd6VjHRZ3BkOw%3D%3D"
            },
            {
              "CompressionType": "gzip",
              "DataType": "application/octet-stream",
              "DownloadTime": 0,
              "EventId": 175,
              "HttpStatus": 200,
              "Size": 26,
              "URL": "https://edge.microsoft.com/sync/v1/diagnosticData/Diagnostic.SendCheckResult()/?client=Chromium&client_id=npYHDLtIgXd6VjHRZ3BkOw%3D%3D"
            },
            {
              "CompressionType": "gzip",
              "DataType": "application/octet-stream",
              "DownloadTime": 15,
              "EventId": 170,
              "HttpStatus": 200,
              "Size": 426,
              "URL": "https://edge.microsoft.com/sync/v1/feeds/me/syncEntities/command/?client=Chromium&client_id=npYHDLtIgXd6VjHRZ3BkOw%3D%3D"
            },
            {
              "CompressionType": "gzip",
              "DataType": "application/octet-stream",
              "DownloadTime": 16,
              "EventId": 165,
              "HttpStatus": 200,
              "Size": 1879,
              "URL": "https://edge.microsoft.com/sync/v1/feeds/me/syncEntities/command/?client=Chromium&client_id=npYHDLtIgXd6VjHRZ3BkOw%3D%3D"
            },
            {
              "CompressionType": "gzip",
              "DataType": "application/octet-stream",
              "DownloadTime": 0,
              "EventId": 155,
              "HttpStatus": 200,
              "Size": 221,
              "URL": "https://edge.microsoft.com/sync/v1/feeds/me/syncEntities/command/?client=Chromium&client_id=npYHDLtIgXd6VjHRZ3BkOw%3D%3D"
            },
            {
              "CompressionType": "gzip",
              "DataType": "application/octet-stream",
              "DownloadTime": 0,
              "EventId": 150,
              "HttpStatus": 200,
              "Size": 5454,
              "URL": "https://edge.microsoft.com/sync/v1/feeds/me/syncEntities/command/?client=Chromium&client_id=npYHDLtIgXd6VjHRZ3BkOw%3D%3D"
            },
            {
              "CompressionType": "gzip",
              "DataType": "application/json",
              "DownloadTime": 0,
              "EventId": 145,
              "HttpStatus": 201,
              "Size": 521,
              "URL": "https://edge.microsoft.com/sync/v2/feeds/me/subscriptions"
            },
            {
              "CompressionType": "gzip",
              "DataType": "application/json",
              "DownloadTime": 0,
              "EventId": 131,
              "HttpStatus": 304,
              "Size": 0,
              "URL": "https://edge.microsoft.com/abusiveadblocking/api/v1/blocklist"
            },
            {
              "CompressionType": "",
              "DataType": "text/xml",
              "DownloadTime": 16,
              "EventId": 116,
              "HttpStatus": 200,
              "Size": 413,
              "URL": "https://edge.microsoft.com/extensionwebstorebase/v1/crx?os=win&arch=x64&os_arch=x86_64&nacl_arch=x86-64&prod=edgecrx&prodchannel=&prodversion=128.0.2739.54&lang=ru&acceptformat=crx3,puff&x=id%3Djmjflgjpcpepeafmmgdpfkogkghcpiha%26v%3D1.2.1%26installedby%3Dother%26uc"
            },
            {
              "CompressionType": "",
              "DataType": "",
              "DownloadTime": 16,
              "EventId": 102,
              "HttpStatus": 429,
              "Size": 0,
              "URL": "https://edge.microsoft.com/passwordbreach/api/v3/query?key=d414dd4f9db345fa8003e32adc81b362"
            },
            {
              "CompressionType": "",
              "DataType": "application/json",
              "DownloadTime": 0,
              "EventId": 92,
              "HttpStatus": 200,
              "Size": 20,
              "URL": "https://edge.microsoft.com/autofillservice/core/page/-5404104625039984836/8066415539964960608"
            },
            {
              "CompressionType": "gzip",
              "DataType": "text/plain",
              "DownloadTime": 16,
              "EventId": 52,
              "HttpStatus": 200,
              "Size": 341,
              "URL": "https://edge.microsoft.com/passwordbreach/api/v3/prequery?key=d414dd4f9db345fa8003e32adc81b362"
            },
            {
              "CompressionType": "",
              "DataType": "",
              "DownloadTime": 0,
              "EventId": 48,
              "HttpStatus": 401,
              "Size": 0,
              "URL": "https://edge.microsoft.com/passwordbreach/api/v3/prequery?key=d414dd4f9db345fa8003e32adc81b362"
            },
            {
              "CompressionType": "",
              "DataType": "application/json",
              "DownloadTime": 16,
              "EventId": 13,
              "HttpStatus": 200,
              "Size": 4028,
              "URL": "https://edge.microsoft.com/identity/api/v3/msa"
            },
            {
              "CompressionType": "",
              "DataType": "application/json",
              "DownloadTime": 16,
              "EventId": 8,
              "HttpStatus": 200,
              "Size": 1727,
              "URL": "https://edge.microsoft.com/serviceexperimentation/v3/?osname=win&channel=stable&osver=10.0.22631&devicefamily=desktop&installdate=1650197698&clientversion=128.0.2739.54&experimentationmode=2&scpguard=1&scpfull=1&scpver=4"
            }
          ],
          "SSLCipher": "",
          "SSLVersion": "TLS1.2"
        },
        {
          "HTTPVersion": "HTTP/1.1",
          "IP": "[2620:1ec:c11::237]",
          "IncludeInScript": false,
          "Name": "copilot.microsoft.com",
          "Port": 443,
          "Requests": [
            {
              "CompressionType": "gzip",
              "DataType": "text/html",
              "DownloadTime": 31,
              "EventId": 57,
              "HttpStatus": 200,
              "Size": 42,
              "URL": "https://copilot.microsoft.com/fd/auth/signin?&action=header&provider=windows_live_id&save_token=0"
            }
          ],
          "SSLCipher": "",
          "SSLVersion": "TLS1.2"
        }
      ],
      "IncludeInScript": true
    },
    {
      "DomainName": "googleapis.com",
      "Domains": [
        {
          "HTTPVersion": "HTTP/1.1",
          "IP": "[2a00:1450:4010:c0d::5e]",
          "IncludeInScript": false,
          "Name": "update.googleapis.com",
          "Port": 443,
          "Requests": [
            {
              "CompressionType": "gzip",
              "DataType": "application/json",
              "DownloadTime": 15,
              "EventId": 140,
              "HttpStatus": 200,
              "Size": 229,
              "URL": "https://update.googleapis.com/service/update2/json?cup2key=14:NJwMeG8Dk-HQD1VvGB8lgmrxdI6tn7-1VBHrmtVStrY&cup2hreq=61c2cff78a95851057110cbe74015e23d7b3276590d72020a3ae79b05a49d1dd"
            }
          ],
          "SSLCipher": "",
          "SSLVersion": "TLS1.2"
        }
      ],
      "IncludeInScript": true
    },
    {
      "DomainName": "bing.com",
      "Domains": [
        {
          "HTTPVersion": "HTTP/1.1",
          "IP": "[2a02:26f0:d8::1740:c78]",
          "IncludeInScript": false,
          "Name": "www.bing.com",
          "Port": 443,
          "Requests": [
            {
              "CompressionType": "gzip",
              "DataType": "application/json",
              "DownloadTime": 0,
              "EventId": 126,
              "HttpStatus": 200,
              "Size": 28,
              "URL": "https://www.bing.com/api/shopping/v1/user/shoppingsettings"
            },
            {
              "CompressionType": "gzip",
              "DataType": "application/json",
              "DownloadTime": 0,
              "EventId": 121,
              "HttpStatus": 200,
              "Size": 28,
              "URL": "https://www.bing.com/api/shopping/v1/user/shoppingsettings"
            },
            {
              "CompressionType": "",
              "DataType": "application/json",
              "DownloadTime": 15,
              "EventId": 111,
              "HttpStatus": 200,
              "Size": 81,
              "URL": "https://www.bing.com/api/shopping/v1/savings/rewards/rewardsUserInfo"
            },
            {
              "CompressionType": "gzip",
              "DataType": "text/html",
              "DownloadTime": 15,
              "EventId": 43,
              "HttpStatus": 200,
              "Size": 42,
              "URL": "https://www.bing.com/fd/auth/signin?&action=header&provider=windows_live_id&save_token=0"
            },
            {
              "CompressionType": "",
              "DataType": "application/json",
              "DownloadTime": 15,
              "EventId": 33,
              "HttpStatus": 200,
              "Size": 636095,
              "URL": "https://www.bing.com/bloomfilterfiles/ExpandedDomainsFilterGlobal.json"
            },
            {
              "CompressionType": "",
              "DataType": "application/json",
              "DownloadTime": 15,
              "EventId": 23,
              "HttpStatus": 200,
              "Size": 81,
              "URL": "https://www.bing.com/api/shopping/v1/savings/rewards/rewardsUserInfo"
            }
          ],
          "SSLCipher": "",
          "SSLVersion": "TLS1.2"
        }
      ],
      "IncludeInScript": true
    },
    {
      "DomainName": "azureedge.net",
      "Domains": [
        {
          "HTTPVersion": "HTTP/1.1",
          "IP": "[2620:1ec:bdf::45]",
          "IncludeInScript": false,
          "Name": "edge-consumer-static.azureedge.net",
          "Port": 443,
          "Requests": [
            {
              "CompressionType": "",
              "DataType": "application/json",
              "DownloadTime": 0,
              "EventId": 190,
              "HttpStatus": 200,
              "Size": 101,
              "URL": "https://edge-consumer-static.azureedge.net/mouse-gesture/config.json"
            }
          ],
          "SSLCipher": "",
          "SSLVersion": "TLS1.2"
        }
      ],
      "IncludeInScript": true
    }
  ],
  "WebSocket": {
    "IncludeInScript": false,
    "IsScriptIncludeWebSocket": false
  },
  "NumberOfCorrelations": 0
}